两 难,加木- 两 难,new,有个气,广东,恭喜
两 难,加木- 两 难,new,loyycabl,湖北,impossible
两 难,加木- 两 难,new,Yyyy4NN,广东,wife
两 难,加木- 两 难,new,这周一定放假,江西,demand
两 难,加木- 两 难,new,世上再无眷顾,湖北,太新鲜了[大笑]
两 难,加木- 两 难,new,桃小酱_,浙江,小众歌变大众歌了[开心]
两 难,加木- 两 难,new,海浪妙曼田鼠,山东,99
两 难,加木- 两 难,new,养什么杨,河南,"Miss
"
两 难,加木- 两 难,new,Ks-妳的欣,浙江,好
两 难,加木- 两 难,new,随缘yyan,新疆,一人一句歌词 接下去.
两 难,加木- 两 难,new,改辽北,河北,来了
两 难,加木- 两 难,new,耎软ouo,广东,一个人从家里出来工作没多久，又和家人吵架了。身无分文了， 一天多都没吃什么了，我能讨份吃的嘛...
两 难,加木- 两 难,new,Corpse漫舞TZZ,北京,我觉得这个好难唱
两 难,加木- 两 难,new,_麻--烦_,吉林,恭喜
两 难,加木- 两 难,new,_麻--烦_,吉林,接
两 难,加木- 两 难,new,_麻--烦_,吉林,恭喜
两 难,加木- 两 难,new,_麻--烦_,吉林,别伤心
两 难,加木- 两 难,new,_麻--烦_,吉林,生日快乐
两 难,加木- 两 难,new,_麻--烦_,吉林,calm
两 难,加木- 两 难,new,团团坐着小飞,湖南,"have
"
两 难,加木- 两 难,hot,大雾_BASS,内蒙古,鼓起勇气把霸凌我的人告了[可爱]
两 难,加木- 两 难,hot,暗天秋一一长安某,江西,女孩子要知道前途比感情重要
两 难,加木- 两 难,hot,苦心人_h,山西,你火了我怎么当小众姐了…
两 难,加木- 两 难,hot,SANKAWX,江苏,此时此刻，三年后的一位总裁赞了我一下
两 难,加木- 两 难,hot,-Escape_Q,广东,哥们儿，11w的债在今天还完了，还剩800，这是属于我自己的钱了，没啥别的事，只想把这个喜悦分享给你们，陪一根
两 难,加木- 两 难,hot,加木TRi,浙江,8月27日19：30-20：00我将空降评论区，想和我聊聊天的朋友到时不见不散
两 难,加木- 两 难,hot,荼荼小猫,江苏,“在读这句话的女孩子永远都被爱”
两 难,加木- 两 难,hot,做个疯子yu,河南,以前觉得小众的歌跟歌手不知不觉都上热歌第一了[多多捂脸]
两 难,加木- 两 难,hot,婉昭Yoyo,新西兰,“慢慢”两个字的鼓点简直爽死了啊啊啊谁懂
两 难,加木- 两 难,hot,Letzteres,河南,前奏一出来我就知道血型匹配上了
两 难,加木- 两 难,hot,樱满集y-,山西,高考还有9天，会赢的，对吗
两 难,加木- 两 难,hot,koaizy,广东,愿爸爸出警平安
两 难,加木- 两 难,hot,净中月,贵州,这里评论真吓人，无论几岁爱情都不该是你们生活的全部啊。人与人的生活节奏都不一样，有人3分钟泡面有人3小时煲汤，有人外卖已送达，有的人才刚切好蒜和肉。大家赶的时间不一样，慢慢会有人理解你的小情绪，慢慢理解你长大后的小心愿了解海边圆月。慢慢来的才是诚意，好戏都在烟火里。
两 难,加木- 两 难,hot,加木TRi,浙江,我都空降那么多首歌了 你个假粉丝
两 难,加木- 两 难,hot,灰色悲予,福建,在中国小众的都不能算小众
大城小爱,梓渝- 大城小爱,new,一波王炸2203,江苏,耳机里能突然放到@我是梓渝_ 《大城小爱》🔮 这样的声音能把想念变成面包香气🍞，飘在每一个赶路的黄昏里🌆
大城小爱,梓渝- 大城小爱,new,__claren__,江西,脑袋都是你
大城小爱,梓渝- 大城小爱,new,快餐店吹传统民谣,河南,好听爱听
大城小爱,梓渝- 大城小爱,new,eee瑶,安徽,"“你的微笑结束了疲倦”
是笑着唱的吧小宝[可爱]"
大城小爱,梓渝- 大城小爱,new,睡了吗哇,天津,好好听
大城小爱,梓渝- 大城小爱,new,Knock_Knock_7,河北,难听
大城小爱,梓渝- 大城小爱,new,迷醒岁月中的贫瘠未来,陕西,哇哇哇🌽🌽脑袋都是你🌽🌽心里都是你🌽🌽小小的爱在大城里只为你倾心🌽🌽宝宝特别好听🌽🌽期待宝宝首次唱作🌽🌽希望豹豹猫猫一直大城小爱，幸福永远🌽🌽
大城小爱,梓渝- 大城小爱,new,-小小渝,山东,🌽“脑袋都是你，心里都是你”💚💛定情神曲《大城小爱》一周年纪念日🥹是@我是梓渝_ 送给甜玉米🌽最好的礼物💝
大城小爱,梓渝- 大城小爱,new,与的她,江苏,好听
大城小爱,梓渝- 大城小爱,new,咸度虾,浙江,好听好听
大城小爱,梓渝- 大城小爱,new,此刻思绪结成冰,江西,"喜欢变成不甘 深情变成心酸.

短暂相遇不过是一场幻觉记忆.

能听我讲一大堆话的人 是世界上最好的人.

你说网络是虚拟的 那你和我也是吗.

泪水打湿了屏幕，我又想起曾经的誓言."
大城小爱,梓渝- 大城小爱,new,了了0928,河北,好听
大城小爱,梓渝- 大城小爱,new,沸沸190221,四川,？这话说的[汗]爱一个出轨的人很棒三观很正是吗
大城小爱,梓渝- 大城小爱,new,馬鹿屋,广东,梓渝音乐节加油！
大城小爱,梓渝- 大城小爱,new,你說今晚會下雪,广东,不用谢我知道我是个好人💋留评论嘛，顺手的事
大城小爱,梓渝- 大城小爱,new,那年冬天YTY,河南,。
大城小爱,梓渝- 大城小爱,new,陌然_1122,山西,梓渝宝宝，好好听🥰
大城小爱,梓渝- 大城小爱,new,风把思念带走,湖南,[微笑]
大城小爱,梓渝- 大城小爱,new,Cheryl-橘,安徽,这个夏天感谢有你
大城小爱,梓渝- 大城小爱,new,柠檬渝_zy,江苏,宝宝好好听[多多调皮]
大城小爱,梓渝- 大城小爱,hot,A_LuuL,上海,🌽“想多么简单就多么简单，是妈妈告诉我的哲理”💗每次唱起来就会找到调🌽🎹🎵除此之外还有那个独属于你们的绝无仅有的夏天🌽
大城小爱,梓渝- 大城小爱,hot,渡我ovo,湖北,🌽🌽梓渝甜度核爆无上限💥！笑眼弯弯融化西伯利亚寒流☀～人间维他命实至名归🍊🌽甜玉米为梓渝永驻春天！💛💚
大城小爱,梓渝- 大城小爱,hot,名取新一,安徽,💚一座城，一对爱人💛小小的爱在无锡留下的回忆是彼此倾心的证明 🌽请循环播放——🎶@我是梓渝_ 《大城小爱》🎶和栩渝回到24年相遇的夏天🌽
大城小爱,梓渝- 大城小爱,hot,洛绍子,广东,🌽“脑袋都是你，心里都是你”💚💛定情神曲《大城小爱》一周年纪念日🥹是@我是梓渝_ 送给甜玉米🌽最好的礼物💝
大城小爱,梓渝- 大城小爱,hot,海边的落日谱-_-,湖南,🌽“脑袋都是你，心里都是你”🎵 听《大城小爱》，满脑子都是对你的想念💚爱要大声讲@我是梓渝_  ，他的眼里有且只有你💛夕照在迎来一周年🌽
大城小爱,梓渝- 大城小爱,hot,极速小渝游啊游,海南,🎨画下最后的休止符🎵，旋律到此结束🎶，但梓渝在《大城小爱》中想要告诉YUNI的故事🔮，绝不就此终结✨——像未尽的星光🌌，像未完的书信✉️，会在时光里慢慢铺展。 🔮💜🔮💜🔮💜🔮💜🔮💜🔮💜 🔮💜🔮💜🔮
大城小爱,梓渝- 大城小爱,hot,毛毛爱吃糖糖,四川,🔵💙🔮梓渝𝙕𝙄𝙔𝙐大城小爱🔮💙🔵梓渝𝙕𝙄𝙔𝙐大城小爱🔵💙🔮梓渝𝙕𝙄𝙔𝙐大城小爱🔮💙🔵梓渝𝙕𝙄𝙔𝙐大城小爱🔵💙🔮梓渝𝙕𝙄𝙔𝙐大城小爱🔮💙🔵梓渝𝙕𝙄𝙔𝙐大城小爱🔵💙🔮梓渝𝙕𝙄𝙔𝙐大城小爱🔮💙🔵梓渝𝙕𝙄𝙔𝙐大城小爱🔵💙🔮梓渝𝙕𝙄𝙔𝙐大城小爱🔮💙🔵
大城小爱,梓渝- 大城小爱,hot,Tog_go,江苏,🔮梓渝🔮超好听🔮梓渝🔮超好听🔮梓渝🔮超好听🔮梓渝🔮超好听🔮梓渝🔮超好听🔮梓渝🔮超好听🔮梓渝🔮超好听🔮梓渝🔮超好听🔮梓渝🔮超好听🔮梓渝🔮超好听🔮梓渝🔮超好听🔮梓渝🔮超好听
大城小爱,梓渝- 大城小爱,hot,两篇诗z,辽宁,🌽“嘴里说的语言完全没有欺骗”也是🥺“我的眼睛从来都不会骗人”💚💛@我是梓渝_ 不要再说舍不得，因为他说“我们又不会分开”🌽曾经是，现在也是💚💛
大城小爱,梓渝- 大城小爱,hot,老网抑云了啊哈哈哈哈,山东,🌽“想多么简单就多么简单，是妈妈告诉我的哲理”💗每次唱起来就会找到调🌽🎹🎵除此之外还有那个独属于你们的绝无仅有的夏天🌽@我是梓渝_
大城小爱,梓渝- 大城小爱,hot,起不来_裳裳,江西,🌽一周年快乐🌽“脑袋都是你，心里都是你”💚💛定情神曲《大城小爱》，梓渝宝贝唱的真好听呀🥰🍋🐠
大城小爱,梓渝- 大城小爱,hot,Overfladiske,重庆,"💚一座城，一对爱人💛小小的爱在无锡留下的回忆是彼此倾心的证明 🌽请循环播放——🎶@我是梓渝_ 《大城小爱》🎶和栩渝回到24年相遇的夏天🌽
"
大城小爱,梓渝- 大城小爱,hot,居竹泛山雾_,广东,🌽当@我是梓渝_ 《大城小爱》播放时🎧💚好像找回了情窦初开的悸动，是一场特别的初恋💛只要他再唱这首歌找不调，耳边就只剩你的翻唱🌽
大城小爱,梓渝- 大城小爱,hot,白虞田,重庆,"感谢梓渝翻唱的大城小爱，好听！
YUNI对你一直都有大大的爱🔮在这大大的城市里只为你开心
YUNI对你一直都有大大的爱🔮在这大大的城市里只为你倾心
🔮梓渝的事业心起来了真的超级帅！！！
🔮梓渝未来一直走花路！！！
握紧双手勇敢向前🔮一起续写未来诗篇"
大城小爱,梓渝- 大城小爱,hot,林中欢雀,四川,🌽“想多么简单就多么简单，是妈妈告诉我的哲理”💗每次唱起来就会找到调🌽🎹🎵除此之外还有那个独属于你们的绝无仅有的夏天🌽
寂寞寂寞不好,曹格- 寂寞寂寞不好,new,CFBDSIR21497,福建,八月听《寂寞寂寞不好》的人要一直幸福
寂寞寂寞不好,曹格- 寂寞寂寞不好,new,告白泣不成声,广西,我发现你针对我好几期了
寂寞寂寞不好,曹格- 寂寞寂寞不好,new,那就say拜,湖南,拼了命的耍存在 都是为了爱
寂寞寂寞不好,曹格- 寂寞寂寞不好,new,倾心小琪,湖北,拼了命的刷存在 都是为了爱
寂寞寂寞不好,曹格- 寂寞寂寞不好,new,田的小渝干_,河北,8月听《寂寞寂寞不好》的宝宝永远幸福快乐[哈哈]
寂寞寂寞不好,曹格- 寂寞寂寞不好,new,Yistk,山东,接
寂寞寂寞不好,曹格- 寂寞寂寞不好,new,逢你也逢春_i,福建,拼命的刷存在  都是为了爱
寂寞寂寞不好,曹格- 寂寞寂寞不好,new,喻繁不烦n,海南,抱抱 宝宝
寂寞寂寞不好,曹格- 寂寞寂寞不好,new,忧雨喵,四川,听
寂寞寂寞不好,曹格- 寂寞寂寞不好,new,喻繁不烦n,海南,生日快乐
寂寞寂寞不好,曹格- 寂寞寂寞不好,new,下y不打伞,山东,"拼命的刷存在
"
寂寞寂寞不好,曹格- 寂寞寂寞不好,new,逢你也逢春_i,福建,宝宝抱抱你
寂寞寂寞不好,曹格- 寂寞寂寞不好,new,谷什么雨,辽宁,我只是个爱你的笨蛋ovo
寂寞寂寞不好,曹格- 寂寞寂寞不好,new,儿几分你一半,广东,8 月我恨你
寂寞寂寞不好,曹格- 寂寞寂寞不好,new,谢谢你能坦诚,内蒙古,八月听《寂寞寂寞不好》的人永远幸福
寂寞寂寞不好,曹格- 寂寞寂寞不好,new,可惜言辞拙劣,广东,8 月听«寂寞寂寞不好»的人永远幸福
寂寞寂寞不好,曹格- 寂寞寂寞不好,new,小叶子眯眯,广东,"宝宝请你
→     两  指  往  中  间  拉         ←"
寂寞寂寞不好,曹格- 寂寞寂寞不好,new,相逢又在冬季,河北,宝宝我也叫萱萱唉  萱萱天天开心
寂寞寂寞不好,曹格- 寂寞寂寞不好,new,相逢又在冬季,河北,8月听《寂寞寂寞不好》能天天开心 找对的爱
寂寞寂寞不好,曹格- 寂寞寂寞不好,new,一页纸-yz,山西,抱抱 谢谢宝宝
寂寞寂寞不好,曹格- 寂寞寂寞不好,hot,uaRee1a6,山东,儿子用自己歌官宣了 老实了没[多多笑哭][多多笑哭]
寂寞寂寞不好,曹格- 寂寞寂寞不好,hot,柠檬酱女孩,新疆,我以为哪个烧男唱的，一看曹格。。。。
寂寞寂寞不好,曹格- 寂寞寂寞不好,hot,Serenitng,四川,这首歌好像是在暧昧期胡思乱想的歌🌚
寂寞寂寞不好,曹格- 寂寞寂寞不好,hot,这个抢手不太甜,黑龙江,像桃黑黑唱的
寂寞寂寞不好,曹格- 寂寞寂寞不好,hot,好困呀aa,广东,7月听《寂寞寂寞不好》的人永远幸福
寂寞寂寞不好,曹格- 寂寞寂寞不好,hot,汀2555,广东,天呐，这首歌也太适合曹格唱了吧这怎么做到又窝囊又暧昧又懦弱又委屈 黏糊糊的唱腔，好像芝士蛋包饭一样，太好听了，根本停不下来[流感][流感][流感][流感][流感]备胎王者诶
寂寞寂寞不好,曹格- 寂寞寂寞不好,hot,Ap0The0SiS,吉林,不是老弟！！！还往下翻呢，咱爸妈一定长命百岁
寂寞寂寞不好,曹格- 寂寞寂寞不好,hot,也-許-嘛LXD,山东,"宝宝请你
→     两  指  往  中  间  拉         ←"
寂寞寂寞不好,曹格- 寂寞寂寞不好,hot,纯情妹_IKO7,陕西,最喜欢拼了命的刷存在 都是为了爱这几句🥺
寂寞寂寞不好,曹格- 寂寞寂寞不好,hot,依恋化成云,四川,7月听《寂寞寂寞不好》的人永远幸福
寂寞寂寞不好,曹格- 寂寞寂寞不好,hot,LvyXeiaoJeow,辽宁,joe官宣的bgm来的🙋
寂寞寂寞不好,曹格- 寂寞寂寞不好,hot,律动的飧蕤不太动了,北京,bro每天和0个异性情感纠缠但仍然坚持听卑微苦情歌[流泪]
寂寞寂寞不好,曹格- 寂寞寂寞不好,hot,了以李_7313,河南,"都说词不好 但是这不就是喜欢一个人的状态吗
"
寂寞寂寞不好,曹格- 寂寞寂寞不好,hot,eoece,江西,喜欢听这种音乐的女生 具有较强的柔情和细腻的情感
寂寞寂寞不好,曹格- 寂寞寂寞不好,hot,小闪电_PNMh,贵州,这个歌词真的，我一个恋爱脑都觉得舔狗得一塌糊涂
罗生门（Follow）,梨冻紧 / Wiz_H张子豪- 罗生门（Follow）,new,RAIN_1v,吉林,很好听
罗生门（Follow）,梨冻紧 / Wiz_H张子豪- 罗生门（Follow）,new,孤舟放鹤-7,河南,带我一个
罗生门（Follow）,梨冻紧 / Wiz_H张子豪- 罗生门（Follow）,new,恨你无情呀,贵州,"我爱你 这句话熟悉吗

舍不得我掉眼泪的是你 让我掉眼泪的也是你

我不是傻 而你让我有了依赖感

你总说我不离开你 但先离开我的是你

在你骗我时 你的良心不会痛吗
"
罗生门（Follow）,梨冻紧 / Wiz_H张子豪- 罗生门（Follow）,new,想祎的风要吹到遂宁,广东,天天开心
罗生门（Follow）,梨冻紧 / Wiz_H张子豪- 罗生门（Follow）,new,能否回从前l,吉林,再爱我一次好不好.
罗生门（Follow）,梨冻紧 / Wiz_H张子豪- 罗生门（Follow）,new,能否回从前l,吉林,再爱我一次好不好.
罗生门（Follow）,梨冻紧 / Wiz_H张子豪- 罗生门（Follow）,new,霖苒_霖,河南,8月听罗生门的要永远幸福下去！！
罗生门（Follow）,梨冻紧 / Wiz_H张子豪- 罗生门（Follow）,new,小沐辰不聪明,重庆,天天开心
罗生门（Follow）,梨冻紧 / Wiz_H张子豪- 罗生门（Follow）,new,莞瑜a,云南,你到底有没有喜欢过我 哪怕那么一下.
罗生门（Follow）,梨冻紧 / Wiz_H张子豪- 罗生门（Follow）,new,骗子我飞起来给你124,四川,看我笔记，避雷骗子
罗生门（Follow）,梨冻紧 / Wiz_H张子豪- 罗生门（Follow）,new,莞瑜a,云南,天天开心
罗生门（Follow）,梨冻紧 / Wiz_H张子豪- 罗生门（Follow）,new,故里wf,河北,八月听完罗生门一定要开心
罗生门（Follow）,梨冻紧 / Wiz_H张子豪- 罗生门（Follow）,new,Agoin-爱,浙江,天天开心
罗生门（Follow）,梨冻紧 / Wiz_H张子豪- 罗生门（Follow）,new,颜汐年,江西,"你忘得好彻底曾经的我们是一场梦.

你的心好难读懂我根本看不透你.

如果睡觉可以逃避一切的话那我睡觉了

模糊又清晰 到底是时间不对还是我们无缘.

总把情绪藏起来挺累的.

喜欢你是真的怕配不上你也是真的.

挺后悔的那天晚上没有压着脾气说出了违心的话.

爱你大肆的笑声 也爱你如天气似多变的情绪"
罗生门（Follow）,梨冻紧 / Wiz_H张子豪- 罗生门（Follow）,new,故里wf,河北,天天开心
罗生门（Follow）,梨冻紧 / Wiz_H张子豪- 罗生门（Follow）,new,颜汐年,江西,"会记住我吗我这么平平无奇这么普通的人

次次都被抛弃你让我怎么去爱.

如果抛开一切我早该幸福了.

没人爱我阴郁的情绪只喜欢我开朗的情绪.

最害怕的是互相喜欢却在猜对方喜欢谁.

我与旧事告别开始拥抱新生活.

你是我梦中蝴蝶还未等春离就已破碎.

人变了誓言就如同废纸一般.

"
罗生门（Follow）,梨冻紧 / Wiz_H张子豪- 罗生门（Follow）,new,依多多,山东,天天开心
罗生门（Follow）,梨冻紧 / Wiz_H张子豪- 罗生门（Follow）,new,洋葱0348,江苏,还记得吗 我们第一次相遇在几月几日
罗生门（Follow）,梨冻紧 / Wiz_H张子豪- 罗生门（Follow）,new,颜汐年,江西,"情绪上头的那一刻   我们都忘了对方的好

晚安 我睡了没有靠山的日子太累了

你猜我那天为什么看着你的眼睛不说话.

看到我哭的时候有觉得对不起我吗

不喜欢我没关系别讨厌我就行

爱有痕迹 所以难忘.

我总拿笑容来掩饰自己的不开心 也总是装作坚强来掩盖自己的心事

"
罗生门（Follow）,梨冻紧 / Wiz_H张子豪- 罗生门（Follow）,new,颜汐年,江西,"心碎的无声无息你又怎么会注意到呢

你违背了誓言凭什么伤痛要我来承担

被爱就像中彩票但我总是谢谢惠顾

誓言经不起心理，我们也难回到曾经

如果精神分裂能有人爱我的话我愿意的

爱情  友情   双败  也是最想死的那年.

为你哭的还少吗你心疼过吗

有些事无法改变那就顺其自然吧

"
罗生门（Follow）,梨冻紧 / Wiz_H张子豪- 罗生门（Follow）,hot,梨冻紧,,希望大家可以看到所有事物美好的一面，不管是生活、爱情、友情。
罗生门（Follow）,梨冻紧 / Wiz_H张子豪- 罗生门（Follow）,hot,Wiz_H张子豪,,这个世界很大很复杂，希望你们就算看惯了世间的罗生门，对待感情还是可以保留那份真诚。
罗生门（Follow）,梨冻紧 / Wiz_H张子豪- 罗生门（Follow）,hot,停在这一帧,,罗生门和陌生人太有感觉了 不知道为什么听到会心头一颤
罗生门（Follow）,梨冻紧 / Wiz_H张子豪- 罗生门（Follow）,hot,ll77-Q-,,各位 我快释怀了 现在我有天天吃饭 没有熬夜 也没有晚上偷偷哭了 你知道吗 我熬过去了！！！
罗生门（Follow）,梨冻紧 / Wiz_H张子豪- 罗生门（Follow）,hot,liygle,,“你只是念旧，不是要往回走”.
罗生门（Follow）,梨冻紧 / Wiz_H张子豪- 罗生门（Follow）,hot,-星坠海-,,#科普一下#罗生门意思是当俩个人吵架闹矛盾时 当事双方各执一词 分别按照对自己有利的方式进行表述证明编织谎言 最终使得事实真相扑朔迷离 难以水落石出 俩个人都已自己为中心 从而忽略了别人的感受 导致俩个人最终渐行渐远 最终就像陌生人一样散场 这说明了人现在在爱情里的自私与贪得无厌 得不到满足
罗生门（Follow）,梨冻紧 / Wiz_H张子豪- 罗生门（Follow）,hot,永远的纯爱-,江苏,我们看惯了学校的大铁门 变得好像坐牢人
罗生门（Follow）,梨冻紧 / Wiz_H张子豪- 罗生门（Follow）,hot,懒得解释a,广东,又到了听罗生门的季节了
罗生门（Follow）,梨冻紧 / Wiz_H张子豪- 罗生门（Follow）,hot,梨冻紧,,Where ever you go，i will always follow .
罗生门（Follow）,梨冻紧 / Wiz_H张子豪- 罗生门（Follow）,hot,Pou-jy,,罗生门原为日语，后用来借指人世与地狱之界门，事实与假象之别。
罗生门（Follow）,梨冻紧 / Wiz_H张子豪- 罗生门（Follow）,hot,iiiiiiiemo,,深情凭什么就是舔狗 规划未来有你为什么又是在画大饼
罗生门（Follow）,梨冻紧 / Wiz_H张子豪- 罗生门（Follow）,hot,风间欲,江西,祝我能抗癌成功！
罗生门（Follow）,梨冻紧 / Wiz_H张子豪- 罗生门（Follow）,hot,要不要太耀,内蒙古,"“爸，我恋爱了，对象是同班同学。”
“嗯，是个怎么样的人？”
“可爱，会脸红的优等生。”
“可以啊，好好待人家。”
“嘿，爸，您挺开明的呀，我待会还有约会，出门了。”
“早恋而已，我没那么古板。”爸爸收起手中的报纸喃喃自语道：“学校里的恋爱……真是怀念啊……。”
过了一会，爸爸猛地回头"
罗生门（Follow）,梨冻紧 / Wiz_H张子豪- 罗生门（Follow）,hot,草莓仙儿X,,朋友以上 恋人以下是最舒服的暧昧关系
罗生门（Follow）,梨冻紧 / Wiz_H张子豪- 罗生门（Follow）,hot,許你早睡,广西,有钱的第1件事就是关掉妈妈5:30的闹钟
离开我的依赖,王艳薇- 离开我的依赖,new,秋与枫的誓约,江苏,1http:/$rUZRv215eba77c$【復淛整段文案并咑閞「网易云音乐」，领免费会员】 黑胶邀请官 秋***约 送你网易云音乐会员卡，领到的给我动态点个赞呗
离开我的依赖,王艳薇- 离开我的依赖,new,林容na,广东,火了火了
离开我的依赖,王艳薇- 离开我的依赖,new,常留意,北京,来了
离开我的依赖,王艳薇- 离开我的依赖,new,2Grown_12ovo,湖北,这个世界有人幸福就好
离开我的依赖,王艳薇- 离开我的依赖,new,又忆起旧时秋,广东,25年听《离开我的依赖》的人永远幸福
离开我的依赖,王艳薇- 离开我的依赖,new,-7iunky,陕西,火啦
离开我的依赖,王艳薇- 离开我的依赖,new,小晰tin,广东,2026年的我们还会是我们吗
离开我的依赖,王艳薇- 离开我的依赖,new,Mason迟,山东,来了
离开我的依赖,王艳薇- 离开我的依赖,new,五条平行线,内蒙古,原来爱是真的可以装出来的
离开我的依赖,王艳薇- 离开我的依赖,new,i7771i,湖南,"如果是真的，发码
"
离开我的依赖,王艳薇- 离开我的依赖,new,鱼头星星yu-,广东,Arthur 会有人爱你鼻梁上的痣 明亮的眼睛 柔软敏感的内心
离开我的依赖,王艳薇- 离开我的依赖,new,无所谓_VlIe,广东,我8.1的时候来啦
离开我的依赖,王艳薇- 离开我的依赖,new,casualscratch,广东,我可以给你发顿饭，好好生活，积极向上
离开我的依赖,王艳薇- 离开我的依赖,new,casualscratch,广东,爷爷他，因为雷柱继承人变成鬼，而切腹自尽赎罪啊[泪目][泪目]，切腹的过程，没人帮忙砍头，他可是要在流血的痛苦中，被反复折磨痛苦死去啊，爷爷他，可是为了你而死啊[泪目][泪目][泪目]
离开我的依赖,王艳薇- 离开我的依赖,new,武夷山向上紫鹃,中国,火了
离开我的依赖,王艳薇- 离开我的依赖,new,小巨蛋_m266,湖南,差点哭了
离开我的依赖,王艳薇- 离开我的依赖,new,送她那朵花,湖北,王婕进行曲
离开我的依赖,王艳薇- 离开我的依赖,new,爱是难圆的愿-_-,吉林,心爱的猫咪昨日下午不小心坠楼了 但没有发现血迹抓痕 在6楼掉下去了 没有找到 我只希望它还活着并且受的伤不重
离开我的依赖,王艳薇- 离开我的依赖,new,厌你流泪双眼,广东,来喽
离开我的依赖,王艳薇- 离开我的依赖,new,吟淇韵,贵州,想你了...
离开我的依赖,王艳薇- 离开我的依赖,hot,Rarno,重庆,相信这首歌一定会有大爆的时候
离开我的依赖,王艳薇- 离开我的依赖,hot,小韩要天天开心-,安徽,没有小众的歌，只有迟到的听众。
离开我的依赖,王艳薇- 离开我的依赖,hot,Matt_24,,越听到后面越有感觉，差点被开头劝退
离开我的依赖,王艳薇- 离开我的依赖,hot,却汝,山西,预测今年会火，火了踢一下！
离开我的依赖,王艳薇- 离开我的依赖,hot,Ap0The0SiS,吉林,不是老弟！！！还往下翻呢，咱爸妈一定长命百岁
离开我的依赖,王艳薇- 离开我的依赖,hot,无敌鲍龙神,上海,谁是从抖音过来的[狗头][狗头][狗头]
离开我的依赖,王艳薇- 离开我的依赖,hot,国家一级粉丝,,你大抵没那么痴情，只是被歌曲放大了情绪.
离开我的依赖,王艳薇- 离开我的依赖,hot,Misspao_,,被推荐到这首歌是有多幸运啊
离开我的依赖,王艳薇- 离开我的依赖,hot,睡这么久你是猪吧,江苏,三哥：不是我不想打了，是恋雪叫我回家了[流泪]
离开我的依赖,王艳薇- 离开我的依赖,hot,黄瞳少年,,有点吴青峰的味道……我的天
离开我的依赖,王艳薇- 离开我的依赖,hot,难止萌,广西,我尊重同性恋，理解抑郁症，看到别人穿孔我觉得超酷，我会给老人让座，也会和别人道歉和道谢，递剪刀我会习惯性把刀头朝自己，个子矮和朋友撑伞我也会努力抬高手避免朋友磕到伞，我性格耿直但也不会恶意中伤别人，虽然有些事情我不能理解但我也会尊重。纵使我不漂亮脾气还差但我也想成为一个善良的人。
离开我的依赖,王艳薇- 离开我的依赖,hot,西川说,,心动模式推的，在写论文，忍不住点开看看倒是什么歌
离开我的依赖,王艳薇- 离开我的依赖,hot,陆竹之,,唱腔带一丝丝苏打绿的感觉，好舒服的声音
离开我的依赖,王艳薇- 离开我的依赖,hot,花辰余,四川,它要是火了，知一声
离开我的依赖,王艳薇- 离开我的依赖,hot,所向披靡181018,,在30届金曲奖上，她说过要在华语乐坛留下她的名字，她给王心凌写过《爱的重量》，给郁可唯写过《十年如一日》，她就是华语毒嗓，大马歌手和音乐制作人王艳薇。
嗜好,颜人中- 嗜好,new,心悸_kelp,河南,真诚是必杀技 但绝不是必杀技
嗜好,颜人中- 嗜好,new,心悸_kelp,河南,不为情所困才是我最初的自己可我好像变了
嗜好,颜人中- 嗜好,new,心悸_kelp,河南,痛和泪都在我身上你怎么会难过.
嗜好,颜人中- 嗜好,new,心悸_kelp,河南,指尖伴随烟草草味 曾经的誓言会作废
嗜好,颜人中- 嗜好,new,天天执着于你,广东,八月 祝你开心
嗜好,颜人中- 嗜好,new,i任意a,山西,好的好的你也要
嗜好,颜人中- 嗜好,new,田的小渝干_,河北,8月听《嗜好》的宝宝都要幸福开心
嗜好,颜人中- 嗜好,new,0613丶,河北,会遇见新的朋友  但你是无可替代的.
嗜好,颜人中- 嗜好,new,c_丞帝,江苏,“取消置顶后 我找不到你了”
嗜好,颜人中- 嗜好,new,婗婗-yy,云南,天天开心
嗜好,颜人中- 嗜好,new,空格秘密,四川,我爱你 妹子
嗜好,颜人中- 嗜好,new,空格秘密,四川,8月听嗜好的人都要幸福
嗜好,颜人中- 嗜好,new,漫泪季,山东,我始终相信 以我的性格没人愿意一直陪着我
嗜好,颜人中- 嗜好,new,待泥如初呀宝,浙江,太好听啦
嗜好,颜人中- 嗜好,new,下雨天y1231,江苏,天天开心
嗜好,颜人中- 嗜好,new,谎言_GJ5i,广西,看到已读不回的消息 我也无话可说
嗜好,颜人中- 嗜好,new,谎言_GJ5i,广西,天天开心
嗜好,颜人中- 嗜好,new,GMPY_,河北,"主页会员自取
"
嗜好,颜人中- 嗜好,new,当初的天真呢,河北,唉
嗜好,颜人中- 嗜好,new,小鱼绵绵_PF,重庆,因为无缘无故被开了，工资也没有发，今天我生日，但是连一碗饭都没有，晚上睡哪儿也不知道，一个人在外面走着，好无力又好饿，好想吃东西，感觉自己快撑不下去了，我能讨碗饭吃吗
嗜好,颜人中- 嗜好,hot,顔人中,,我想你不知道我的嗜好，那你就看这句话的前三个字就好。 希望这首《嗜好》你们会喜欢[多多可怜]（评论区抽一把我亲自挑选的告白神器，不不…是吉他啦哈哈
嗜好,颜人中- 嗜好,hot,往南是片海,,"嗜好只成瘾 爱你却入魔
思你欲得你 得你惧失你"
嗜好,颜人中- 嗜好,hot,赶走那只鹿,,"唯一嗜好就是每天雷打不动的给你发一句晚安，
表白对于我这种胆小鬼来说比追风还难，
但我还是会去找一个最有可能的夜晚，
鼓起勇气将这些孤单心事告诉你，
然后祝你爱我到天荒地老。"
嗜好,颜人中- 嗜好,hot,金宇晨Yates,,和一个女生恋爱了三年。被输入法牢牢记住，结束了这么久，却用了好长好长时间，把输入她名字后自动跳出来的“晚安”换成了“再见”。
嗜好,颜人中- 嗜好,hot,柚時一念,,“你是白色衬衫，是西瓜，是雷雨，是夏季限量供应的所有。每一年我等待夏天，也等待你。尽管，风吹起来的时候我也爱秋天，穿起毛绒绒的大衣的时候我也爱冬天，花开的时候我觉得春天也很好，可我还是盼望夏天，也盼望你。” ​
嗜好,颜人中- 嗜好,hot,河南许昌彭于晏,,我唯一的嗜好 那便是喜欢你
嗜好,颜人中- 嗜好,hot,或许你会发光,,"如果你整天这样死宅着不读书不运动不节制消费不反省不自律无兴趣无爱好无目标无任何期望，
生活是不会变好的。
如果你不甘心当一个嗜好太多能力太小的普通人，那就请你现在立刻马上开始努力吧！
那个发着光的未来在等你~"
嗜好,颜人中- 嗜好,hot,Fled_zenos,,"喜欢一个不可能在一起的人是什么感觉？

小巷
又弯又长
没有门
没有窗
我拿把旧钥匙
敲着厚厚的墙
——顾城《小巷》"
嗜好,颜人中- 嗜好,hot,帐号已注销,浙江,我最不成熟的行为：心情一好就原谅一切
嗜好,颜人中- 嗜好,hot,LilSandman,,希望有一天打开你的最近播放，不会再出现我推的歌曲，希望你真的拔完那颗牙就会忘了我，希望你每天都可以开心，希望我不会再是你的嗜好
嗜好,颜人中- 嗜好,hot,如果我有人陪,,真正的释怀是不再窥探对方的生活
嗜好,颜人中- 嗜好,hot,今天你没有想我,,你公布女友那个视频的浏览量是我刷的.
嗜好,颜人中- 嗜好,hot,4niok,海南,没出息 暧昧一下 你就以为是永远
嗜好,颜人中- 嗜好,hot,kjhvfsxwjiypubffu,,最怕一段好好的感情突然没了，你觉得你没错，我觉得我也没错，硬生生把所有难过往肚子里咽，不说想你。
嗜好,颜人中- 嗜好,hot,宅系小烨,河北,七月听嗜好都要幸福好不好
爱情讯息,郭静- 下一个天亮,new,往日呓语,广东,😖
爱情讯息,郭静- 下一个天亮,new,夏蒙尼辉煌交响乐,江苏,天天开心
爱情讯息,郭静- 下一个天亮,new,密瓜糕,河北,琳
爱情讯息,郭静- 下一个天亮,new,初初超爱温漠,广东,初
爱情讯息,郭静- 下一个天亮,new,雨雨雨雨雨雨雨雨雨子,广东,"我紧紧捏住的一角 是你离开的匆匆.

那些短暂又不忠诚的喜欢你还不如不向我表达.

总认为时间过得很慢 可下个冬天就要来了.

我想说的话欲言又止 你的世界少了我没区别.

你需要我的时候我没有落下你 但我需要你的时候你却离我而去.

骰子没有第七面 请你记住我们相遇的第一眼."
爱情讯息,郭静- 下一个天亮,new,jokersnnn,广东,R.I.P若塔，愿天堂也有足球
爱情讯息,郭静- 下一个天亮,new,萌骨骼OvO,河南,幸福了
爱情讯息,郭静- 下一个天亮,new,雨雨雨雨雨雨雨雨雨子,广东,"很久是多久.

我即使再委屈 我也会为你心软无数次.

我恨你 我再也不要喜欢你.

瞬间会支撑我.

或许有一天 你会明白曾经我有多爱你.

好聚好散是假的 我比任何人都舍不得你."
爱情讯息,郭静- 下一个天亮,new,那日曾失她心,山西,包的
爱情讯息,郭静- 下一个天亮,new,NGC2237_fyuD,浙江,还行
爱情讯息,郭静- 下一个天亮,new,TaeyeonTiSeo,贵州,包的
爱情讯息,郭静- 下一个天亮,new,NGC2237_fyuD,浙江,君
爱情讯息,郭静- 下一个天亮,new,雨雨雨雨雨雨雨雨雨子,广东,"其实我难过的时候 只想要一个简单的拥抱而已.

我曾写过一本很厚的日记只描述了一个人.

你不该对短暂出现的人执念太深.

你的身边太拥挤 而我又不是唯一.

你变了好多 又或许你从头到尾都是装的.

你变得那么快 不如一开始不对我好."
爱情讯息,郭静- 下一个天亮,new,雨雨雨雨雨雨雨雨雨子,广东,"好好生活 这句话不是祝福而是告别.

忘记伤痕和过去就能得到幸福吗.

提复合那分开的意义是什么呢.

你是我凭感觉喜欢上的我忘不掉.

当文案都符合你时你就知道你不幸福.

一瞬间紧紧拥抱无处可逃一吻天荒"
爱情讯息,郭静- 下一个天亮,new,铁琴温柔能乐_1,广西,炎
爱情讯息,郭静- 下一个天亮,new,只是少些天赋,福建,[大笑]
爱情讯息,郭静- 下一个天亮,new,只是少些天赋,福建,浩
爱情讯息,郭静- 下一个天亮,new,西海岸划艇食者,吉林,"听力了
"
爱情讯息,郭静- 下一个天亮,new,王HsSS,山西,"天天开心

"
爱情讯息,郭静- 下一个天亮,new,你昊在这里,河北,昊
爱情讯息,郭静- 下一个天亮,hot,超级小丸子,山西,华语乐坛还有很多挖不完的遗珠🥹
爱情讯息,郭静- 下一个天亮,hot,忍冬llle,广东,没有小众的歌，只有迟到的观众
爱情讯息,郭静- 下一个天亮,hot,蝴蝶效应kkk,广东,我觉得这首真的好好听 让人好想哭有一种倔强的味道
爱情讯息,郭静- 下一个天亮,hot,幸福就在尾巴上v,广东,人之所以有虚岁，是因为和妈妈单独呆了一年
爱情讯息,郭静- 下一个天亮,hot,7心底_,广东,7月听《爱情讯息》的要一直幸福下去
爱情讯息,郭静- 下一个天亮,hot,SoSaXQQ,美国,"还有35天 异国恋就彻底结束啦！！！
"
爱情讯息,郭静- 下一个天亮,hot,晚安Rk,黑龙江,这首歌的伴奏真是神了 后面的钢琴像水流一样 层次深还不杂 我要爱死了
爱情讯息,郭静- 下一个天亮,hot,小野饭饭,四川, 太好听了 像零几年听的那种情歌 很台 好像在公交车上最后一排听 对爱 对爱情都似是而非的年纪 对情爱无感但是可以很喜欢这首歌轻松的心情  最大的愿望就是可以再买一双匡威的球鞋 也不想成为什么人 自己是自己的坐标这样
爱情讯息,郭静- 下一个天亮,hot,怪我呆纯,湖北,这个日推就是要不理它几天 它才能明白你
爱情讯息,郭静- 下一个天亮,hot,落影向西,陕西,2025 年听《爱情讯息》的人永远幸福[越来越好]
爱情讯息,郭静- 下一个天亮,hot,养生小婕,福建,很喜欢杨绛女士的一句话：“我从不后悔对任何一个人好，哪怕是看错人，哪怕是被辜负，哪怕是撞南墙，因为我对你好，不代表你有多好，只是因为我很好”
爱情讯息,郭静- 下一个天亮,hot,不要暂停我的音乐键,湖北,真的真的 最近挖到的都是很久之前的
爱情讯息,郭静- 下一个天亮,hot,Xxii_Jww,湖南,“想念变成空气在叹息，多么想要躺在你怀里”
爱情讯息,郭静- 下一个天亮,hot,遇小左,广东,妈妈比这个世界的人多爱了我一年
爱情讯息,郭静- 下一个天亮,hot,窝素然冉,安徽,你们一个个会员都挺高啊
唯一,G.E.M.邓紫棋- T.I.M.E.,new,-繁婳,吉林,“人不能天真一辈子 那我就天真两辈子”
唯一,G.E.M.邓紫棋- T.I.M.E.,new,-繁婳,吉林,“人不能天真一辈子 那我就天真两辈子”
唯一,G.E.M.邓紫棋- T.I.M.E.,new,李宁-keny,浙江,"八月听的《唯一》的人 一切都顺遂！ 
"
唯一,G.E.M.邓紫棋- T.I.M.E.,new,瑄抑,河北,8月听唯一的人开开心心
唯一,G.E.M.邓紫棋- T.I.M.E.,new,Leo筱筱,安徽,瞬间即是永恒
唯一,G.E.M.邓紫棋- T.I.M.E.,new,Spiritueux阿姚,北京,也就一般吧   [微笑]
唯一,G.E.M.邓紫棋- T.I.M.E.,new,呼神梦想家,浙江,生日快乐啦[幽灵][蛋糕][蛋糕]
唯一,G.E.M.邓紫棋- T.I.M.E.,new,告值,广西,我的手很短 捧不住你的脸 但抓得住你的心.
唯一,G.E.M.邓紫棋- T.I.M.E.,new,告值,广西,想我为什么不给我发消息 很丢脸吗.
唯一,G.E.M.邓紫棋- T.I.M.E.,new,告值,广西,不用道歉 学会对我撒娇就行.
唯一,G.E.M.邓紫棋- T.I.M.E.,new,告值,广西,我说运气怎么这么差 原来全运载遇见你了.
唯一,G.E.M.邓紫棋- T.I.M.E.,new,告值,广西,你是想要一个名分 还是一个机会.
唯一,G.E.M.邓紫棋- T.I.M.E.,new,告值,广西,别再为了他流泪好不好，他优点又没我多.
唯一,G.E.M.邓紫棋- T.I.M.E.,new,告值,广西,如果谁都撩你那你怎么属于我.
唯一,G.E.M.邓紫棋- T.I.M.E.,new,告值,广西,忘本我可以接受，但你不能忘了我.
唯一,G.E.M.邓紫棋- T.I.M.E.,new,小奕LuckyStar,安徽,前提得是真爱
唯一,G.E.M.邓紫棋- T.I.M.E.,new,小奕LuckyStar,安徽,幸福不过是懦弱的人活下去的理由罢了，加油兄弟
唯一,G.E.M.邓紫棋- T.I.M.E.,new,小奕LuckyStar,安徽,那我充的钱怎么办
唯一,G.E.M.邓紫棋- T.I.M.E.,new,小奕LuckyStar,安徽,多少次？？你怎么这么能忍
唯一,G.E.M.邓紫棋- T.I.M.E.,new,入机小雨_,重庆,如果还有一次 我还会爱你 但不会这么快了
唯一,G.E.M.邓紫棋- T.I.M.E.,hot,Detachment-ps,江西,“因为感觉不到爱，所以做了先逃跑的人。”
唯一,G.E.M.邓紫棋- T.I.M.E.,hot,乌日力嘎19062,内蒙古,还有几个小时就要起床结婚咯
唯一,G.E.M.邓紫棋- T.I.M.E.,hot,心似白云_常自在,辽宁,好不一样的感觉啊，原曲像是站在爱人的身后，轻声呢喃自己的委屈，不敢让他听到，淡淡的忧伤难过的感觉，这个版本像是释然之后回头看自己的爱人，把自己的心路历程都原原本本的说给他听
唯一,G.E.M.邓紫棋- T.I.M.E.,hot,零碎_127,陕西,语文老师说过：“唯一  永远  这类词过于绝对  一般都是错误选项”
唯一,G.E.M.邓紫棋- T.I.M.E.,hot,城南酒儿,山东,真心建议，千万不要看见别人发光，就觉得自己暗淡，他强任他强，清风拂山岗，生活中，人和人的节奏不一样，有人三分钟泡面，有人三小时煲汤，有人外卖已送达，你要的方式，就坚定走下去别胡思乱想每个花期都不一样，不必焦虑，有人比你提前拥有，所以呢，别碰到一点压力就把自己搞得不堪重负样
唯一,G.E.M.邓紫棋- T.I.M.E.,hot,orange_bai,宁夏,告五人唱出了学生时代两个相爱的人想要得到对方认可却始终没有回应的感觉，邓紫棋唱出了成年人世界想要和他相守一辈子却始终得不到一个肯定的答案的故事。
唯一,G.E.M.邓紫棋- T.I.M.E.,hot,萱萱记得早点睡-_-,河北,“你信不信，有些人 ，就算你看清了，你照样放不下”
唯一,G.E.M.邓紫棋- T.I.M.E.,hot,少绯,山东,预告片：最近的一次考试 成绩出来那天 你会大喊 wc我居然考这么高
唯一,G.E.M.邓紫棋- T.I.M.E.,hot,帐号已注销,广东,"杨绛先生说：“当你试着不理一个人的时候，其实你的内心已经受伤很深了，沉默是一个人最大的哭声，微笑是一个人最大的伪装，不是只有眼泪才代表悲伤，不吵不闹才是最后的绝望，或许只有经历过的人才会懂！”
一个人极度心寒的时候不是哭而是沉默"
唯一,G.E.M.邓紫棋- T.I.M.E.,hot,不去西藏不换昵称,陕西,2025年2月26日就要结婚咯
唯一,G.E.M.邓紫棋- T.I.M.E.,hot,long咩咩,湖南,这首歌将在2025年再次火
唯一,G.E.M.邓紫棋- T.I.M.E.,hot,不知名的海zzz-,江苏,赵露思加油！早日康复！
唯一,G.E.M.邓紫棋- T.I.M.E.,hot,a-又逢下雨天,安徽,"考试稳过接不接
温馨提示：再不接就不礼貌了"
唯一,G.E.M.邓紫棋- T.I.M.E.,hot,林_愠,宁夏,高三好累(´;︵;`)，可我好想上大学
唯一,G.E.M.邓紫棋- T.I.M.E.,hot,泪骗不了人,陕西,4月听《唯一》的人 要永远幸福下去
于是,郑润泽- 于是,new,痛恨妳L,湖南,"我要稳稳的幸福 抵挡末日的残酷

太多情绪压着我了  我只想睡个好觉

我已经千疮百孔 你依然无动于衷

以前留着炫耀的聊天记录  怎么现在成了回忆

那场没放完的电影  你欠我一个结局

记忆是一场无法回放的电影

泪水打湿折叠屏  你也不懂我的情

曾经的承诺在一瞬间全是谎言"
于是,郑润泽- 于是,new,痛恨妳L,湖南,"我们共有过去 却共有未来

会伪装的人太多了 我看不清你对我是不是真的好

如果跟你并肩走 我愿意抛弃我的所有.

你不在的时候 我的晚安 从未说给任何人听

再次见面的尴尬 是还未消散的爱意

我昨晚梦到你了 我听你说尽了我的不好.

我也想如愿以偿可总事事不顺心

最舍不得你 但我不能阻止你遇见比我"
于是,郑润泽- 于是,new,忧郁是种天赋TuT,江苏,我想和你展示 我并不完美的面孔 我孤僻古怪的精神世界 我携带棱角的性格 再向你索要一个稍微紧一点的拥抱
于是,郑润泽- 于是,new,苏千指,贵州,我们都被这段关系牵拉住了很久，以至于后来我们对这段关系都变得麻木又冷漠
于是,郑润泽- 于是,new,又丢弃,福建,你的账号我不会再去看了
于是,郑润泽- 于是,new,痛恨妳L,湖南,"讲不了言万语，只想永远陪你

你出现的意义告诉我 即使再普通也能很幸福

爱是特权 我爱你 你就是全世界最好的.

比起永远 我更喜欢有你的每一天.

如果你也能像影子一样 一直陪着我就好了.

我妥协了陪你走的那些路 你不记得也好.

不想遇见比你更好的人 我只要你
"
于是,郑润泽- 于是,new,阴天痛詺,安徽,"晴晴 我希望你过得好
"
于是,郑润泽- 于是,new,爱总痛彻心扉-,云南,"今年还是像往常一样一个人一堆事
"
于是,郑润泽- 于是,new,简皖芝,湖南,借一句你刚复制的文案
于是,郑润泽- 于是,new,欣赏不过来,广东,云樱
于是,郑润泽- 于是,new,世界阴雨如淅,河南,最后换来的却是你的离开
于是,郑润泽- 于是,new,你在就好了X_X,广东,要怎么做才能够把你忘记
于是,郑润泽- 于是,new,世界阴雨如淅,河南,你说不离开 于是 我越来越依赖
于是,郑润泽- 于是,new,欣赏不过来,广东,天天开心
于是,郑润泽- 于是,new,世界阴雨如淅,河南,房间里依然很冷清
于是,郑润泽- 于是,new,我的心事难眠,河南,其实一个人也挺好的 无非就是孤独了点
于是,郑润泽- 于是,new,我的心事难眠,河南,没关系哒希望八月对你好一点🤗
于是,郑润泽- 于是,new,文案圈泪痣,江西,"我要稳稳的幸福 抵挡末日的残酷

太多情绪压着我了  我只想睡个好觉

我已经千疮百孔 你依然无动于衷

以前留着炫耀的聊天记录  怎么现在成了回忆

那场没放完的电影  你欠我一个结局

记忆是一场无法回放的电影

泪水打湿折叠屏  你也不懂我的情

曾经的承诺在一瞬间全是谎言
"
于是,郑润泽- 于是,new,瑄抑,河北,8月听于是的人要幸福一辈子[爱心]
于是,郑润泽- 于是,new,一只小柔一,湖南,听着我想你了
于是,郑润泽- 于是,hot,Yessir厂牌,福建,雨一直下，风也冷冷的。听郑润泽《于是》，“窗外下着雨，房间里依然很冷清”，唱出了我的心。那些没讲完的故事，没放下的人，都随着歌声回来了。这湿漉漉的天气，我就伴着这首歌想你，沉溺在回忆里，走不出来。
于是,郑润泽- 于是,hot,与意别,,如果你丢了一部iPhone8 但是妈妈又给你买了一部iPhoneX 你还是会很高兴 如果你的对象跟你分手 但是爱慕已久的女神却主动跟你表白 你还是会很高兴 如果你考试没拿高分  但是去国外的机会刚刚到手 你还是会很高兴 所以你看 我们并不是真的怕失去 而是怕没有更好的代替
于是,郑润泽- 于是,hot,9iik,江西,嘴上说着翻篇 其实偷偷折了个角
于是,郑润泽- 于是,hot,-栗子秋-,广东,你也改不掉一难过就听歌的习惯吗
于是,郑润泽- 于是,hot,帐号已注销,,想了好久还是怪自己不够好看
于是,郑润泽- 于是,hot,--恋诺-,河南,很喜欢这段话： “其实我比你更早知道我们不适合，但是我更舍不得你”
于是,郑润泽- 于是,hot,觉痛,湖南,或许 拧巴的人只适合一个人生活
于是,郑润泽- 于是,hot,Caslinte-,北京,2025听于是的一定都会幸福的
于是,郑润泽- 于是,hot,l0l0_HhJE,山东,要结婚啦！！！！和喜欢的人[多多比耶]
于是,郑润泽- 于是,hot,我一定是困l,重庆,恨你突如其来的落差感，也念你最初的那句晚安
于是,郑润泽- 于是,hot,李一恋,云南,想和你断干净 又怕真的没交集
于是,郑润泽- 于是,hot,陌言-ks,广东,妈 我讨厌你封建的思想 也心疼你累死累活的模样.
于是,郑润泽- 于是,hot,7Alone_,,成为遗憾或许能被记得久一点
于是,郑润泽- 于是,hot,Dtiik,福建,“你不停翻着评论，寻找那个能替你说出故事的人”
于是,郑润泽- 于是,hot,小朋友受伤了,陕西,你不该对短暂出现的人执念太深
零距离的思念,TINY7- Chose one me,new,过多猜疑-__,山西,哈喽陈延昕
零距离的思念,TINY7- Chose one me,new,过多猜疑-__,山西,哈喽陈延昕
零距离的思念,TINY7- Chose one me,new,漫泪季,山东,幸福的话可以让我少掉眼泪吗
零距离的思念,TINY7- Chose one me,new,第一口就喝到了猪猪567,北京,@过多猜疑-__ 
零距离的思念,TINY7- Chose one me,new,憨憨的聚宝澎,广东,晚了
零距离的思念,TINY7- Chose one me,new,随性且66,江西,谢谢
零距离的思念,TINY7- Chose one me,new,GMPY_,河北,主页会员自取
零距离的思念,TINY7- Chose one me,new,嗷嗷嗷阿锋隐凡尘,广东,哭了T﹏T[委屈]
零距离的思念,TINY7- Chose one me,new,小颖在想你,广东,[蛋糕]
零距离的思念,TINY7- Chose one me,new,小鱼绵绵_PF,重庆,因为无缘无故被开了，工资也没有发，今天我生日，但是连一碗饭都没有，晚上睡哪儿也不知道，一个人在外面走着，好无力又好饿，好想吃东西，感觉自己快撑不下去了，我能讨碗饭吃吗
零距离的思念,TINY7- Chose one me,new,汉堡鼓鼓,云南,Sjdjdn 
零距离的思念,TINY7- Chose one me,new,我只希望他爱我,贵州,“跪求高清蓝色头像”
零距离的思念,TINY7- Chose one me,new,我只希望他爱我,贵州,跪求蓝色高清头像
零距离的思念,TINY7- Chose one me,new,小析翊,江西,从头条上看到句话:“你过得再快乐，你突然想到那些瞬间的时候，你都会以最快的速度黯淡下来，多少束光都照不亮”
零距离的思念,TINY7- Chose one me,new,悟de喜九福,江西,王者荣耀看看你带出来的兵
零距离的思念,TINY7- Chose one me,new,captain_YFC,广西,我不会忘记你，永远，不用刻意想起，你早就占据了我的脑海
零距离的思念,TINY7- Chose one me,new,论摸鱼与理想的关系,山西,这歌可以
零距离的思念,TINY7- Chose one me,new,渐雨行舟,上海,666女房客都来了
零距离的思念,TINY7- Chose one me,new,双叶哒虎牙,四川,[便便]
零距离的思念,TINY7- Chose one me,new,-救赎曲-,河南,你总是销声匿迹 社交软件也不更新 好像只允许你亲密无间的人知道你的近况
零距离的思念,TINY7- Chose one me,hot,Balakabbb,广东,没前奏就这样吻上来
零距离的思念,TINY7- Chose one me,hot,Tiny7CrosAGO,湖南,能看到你们在下面叽里呱啦，我就跟生了8583个孩子一样开心
零距离的思念,TINY7- Chose one me,hot,wOwCdw,江苏,上一秒还在抖音下一秒就在网易云了🌚
零距离的思念,TINY7- Chose one me,hot,Snakiie,重庆,不要试图抓住关系而是享受缘分
零距离的思念,TINY7- Chose one me,hot,来杯杨枝甘陆,广东,冷知识：这首歌和浆果是同一个作者
零距离的思念,TINY7- Chose one me,hot,Dojizeren夺吉,四川,祝25年听《零距离的思念》的人永远永远幸福快乐[可爱]
零距离的思念,TINY7- Chose one me,hot,lvzimi,上海,爆杀跳楼机[开心]好不好
零距离的思念,TINY7- Chose one me,hot,睡觉时不困-Happy,山东,耳机是唯一不用扎针的输液管，发呆是唯一不用付费的宇宙遨游。
零距离的思念,TINY7- Chose one me,hot,闫大浓,河北,“哪有男人送女人冰箱的”
零距离的思念,TINY7- Chose one me,hot,Tiny7CrosAGO,湖南,说得好
零距离的思念,TINY7- Chose one me,hot,Tiny7CrosAGO,湖南,喂点好音乐就养活了，对我来说不难，开心🥰
零距离的思念,TINY7- Chose one me,hot,Tiny7CrosAGO,湖南,8000胞胎
零距离的思念,TINY7- Chose one me,hot,吟月岛,湖南,"
25届中考生，在此立下此flag：
语文：105（满分120）
数学：108（满分120）
英语：86（满分100）
政治：95（满分100）
历史：96（满分100）
物理：95（满分100）
化学：95（满分100）
祝各位2025届中考生们
中考大捷！！[逢考必过]"
零距离的思念,TINY7- Chose one me,hot,7心底_,广东,7月听《零距离的思念》要一直幸福下去
零距离的思念,TINY7- Chose one me,hot,夜060606,吉林,不是老弟！！！还往下翻呢，咱爸妈一定长命百岁
爱错,王力宏- 恋爱占星音乐全精选,new,事与愿违_怡,天津,我的喜欢人尽皆知唯独轰动不了你.
爱错,王力宏- 恋爱占星音乐全精选,new,事与愿违_怡,天津,我爱的那个他早已是过去式了.
爱错,王力宏- 恋爱占星音乐全精选,new,事与愿违_怡,天津,心里那场雨好像从来没停过.
爱错,王力宏- 恋爱占星音乐全精选,new,事与愿违_怡,天津,早点睡喜欢的歌听不腻你也是.
爱错,王力宏- 恋爱占星音乐全精选,new,NU星人人人,新疆,[微笑]
爱错,王力宏- 恋爱占星音乐全精选,new,饿樂就喝水,江苏,希望八月听爱错的都幸福
爱错,王力宏- 恋爱占星音乐全精选,new,耎软ouo,广东,一个人从家里出来工作没多久，又和家人吵架了。身无分文了， 一天多都没吃什么了，我能讨份吃的嘛...
爱错,王力宏- 恋爱占星音乐全精选,new,涵涵开心最重要,河北,我从来没想过 我会这样做
爱错,王力宏- 恋爱占星音乐全精选,new,白豆腐吃白菜,山东,去年十月份和一个女生在一起了 她很好 我辜负了她 我依稀记得我们刚在一起一周左右 她把这个歌曲转发到朋友圈置顶 后来我听了很多遍 我和她中间发生了很多事情 我对不起她 我辜负了她 已经不能和解了 在这个评论区我希望可以得到赎罪 人活着一定要带着良心 千万不要伤害自己爱的人和爱自己的人 对不起
爱错,王力宏- 恋爱占星音乐全精选,new,初识那冬,河南,八月和你
爱错,王力宏- 恋爱占星音乐全精选,new,小鱼绵绵_PF,重庆,因为无缘无故被开了，工资也没有发，今天我生日，但是连一碗饭都没有，晚上睡哪儿也不知道，一个人在外面走着，好无力又好饿，好想吃东西，感觉自己快撑不下去了，我能讨碗饭吃吗
爱错,王力宏- 恋爱占星音乐全精选,new,叙利亚作息的鱼_y,江苏,从来没爱过，所以爱错
爱错,王力宏- 恋爱占星音乐全精选,new,Slorosv,四川,接
爱错,王力宏- 恋爱占星音乐全精选,new,fkymty,云南,非洲之心，璀璨如泪 ，钻石象征着永恒的爱，可纯洁无瑕的星辰却照见爱而不得的她
爱错,王力宏- 恋爱占星音乐全精选,new,伤心勇敢邦拉,陕西,接
爱错,王力宏- 恋爱占星音乐全精选,new,冷月长河九天仙阙,浙江,接
爱错,王力宏- 恋爱占星音乐全精选,new,阿萨拉士兵队长,浙江,接
爱错,王力宏- 恋爱占星音乐全精选,new,logoluh,河南,八月第一天 天天开心！
爱错,王力宏- 恋爱占星音乐全精选,new,小析翊,江西,从头条上看到句话:“你过得再快乐，你突然想到那些瞬间的时候，你都会以最快的速度黯淡下来，多少束光都照不亮”
爱错,王力宏- 恋爱占星音乐全精选,new,消失的蛋a,广东,不至于吧[大哭]
爱错,王力宏- 恋爱占星音乐全精选,hot,不要再bb了-,内蒙古,这首歌爱错的意思：不是爱错了一个人。而是碰到了对的人，却因为太爱而不知所措，用了错误的方式（互相较量、占有欲等）去爱对方。结果最后归于原点。 希望大家都能在来得及的时间内，和喜欢的人好好在一起。不要有遗憾，好好爱对方，多一点包容。
爱错,王力宏- 恋爱占星音乐全精选,hot,验旨,山西,果然“没有小众的音乐，只有迟到的听众。”
爱错,王力宏- 恋爱占星音乐全精选,hot,星星与野狗灬,湖北,替大家试过啦 爱别人不如爱妈妈[憨笑]
爱错,王力宏- 恋爱占星音乐全精选,hot,勇士不必多言,广西,守护边境已经1689天，祝祖国繁荣昌盛！！！
爱错,王力宏- 恋爱占星音乐全精选,hot,Xmas粤,浙江,“实际上这件事只有你一个人还在遗憾。”
爱错,王力宏- 恋爱占星音乐全精选,hot,美国朋友Mary,浙江,好奇怪 被辜负的人永远在反省
爱错,王力宏- 恋爱占星音乐全精选,hot,嘟嘟-怪-,海南,我终于勇敢接受了分手嘻嘻嘻嘻，我好棒对不对
爱错,王力宏- 恋爱占星音乐全精选,hot,别再晚睡啦__RIi,广东,其实我幸福的时候不怎么听歌
爱错,王力宏- 恋爱占星音乐全精选,hot,Bloved江小白,安徽,今天收藏了一句话：“爱应该是让人变的温柔与勇敢 而不是让人时常感到委屈或妥协.”
爱错,王力宏- 恋爱占星音乐全精选,hot,少数意见1809,湖北,不是因为歌变好听了，而是因为你有了故事。
爱错,王力宏- 恋爱占星音乐全精选,hot,杭州下小雨-_-_-,江西,25年听《爱错》的人永远幸福
爱错,王力宏- 恋爱占星音乐全精选,hot,Echon2,广西,守护边境已经334天，祝祖国繁荣昌盛
爱错,王力宏- 恋爱占星音乐全精选,hot,Alooggg,河南,程鑫凯:  我的梦想还没有实现！！
爱错,王力宏- 恋爱占星音乐全精选,hot,z我不想吃饭,河北,当你压力大到快要崩溃，不要跟别人讲，也不要觉得自己委屈，没有人会心疼你。要像余华说的那样:“在夜深人静的时候，把心掏出来，自己缝缝补补，然后睡一觉起来，又是信心百倍。无人问津也好，技不如人也罢，你都要安静下来，去做自己该做的事情，而不是让烦恼和焦虑，毁掉你本就不多的热情和定力
爱错,王力宏- 恋爱占星音乐全精选,hot,NNNNNDAD-,云南,“我们不是干净的朋友，也不是敞亮的爱人”
我怀念的,孙燕姿- 逆光,new,足球小将_9,江西,好
我怀念的,孙燕姿- 逆光,new,耎软ouo,广东,一个人从家里出来工作没多久，又和家人吵架了。身无分文了， 一天多都没吃什么了，我能讨份吃的嘛...
我怀念的,孙燕姿- 逆光,new,洛杉矶精细气泡水,广东,哇塞恭喜🎉
我怀念的,孙燕姿- 逆光,new,_叁叁柒,四川,等你
我怀念的,孙燕姿- 逆光,new,瓜兮兮_je71,贵州,好！
我怀念的,孙燕姿- 逆光,new,de無,北京,好
我怀念的,孙燕姿- 逆光,new,博物馆完成猴子,湖北,6年后若有一位写虐文的作家 作品名为《第三千场清醒梦》的 在座的一人一本亲签
我怀念的,孙燕姿- 逆光,new,小兰天天开心__,安徽,吃什么
我怀念的,孙燕姿- 逆光,new,Wctyuiop,河南,你也是
我怀念的,孙燕姿- 逆光,new,散落的鮰儀,山东,我不会再打扰你了   你幸福就好
我怀念的,孙燕姿- 逆光,new,牙齿有脆脆,广东,等你
我怀念的,孙燕姿- 逆光,new,廉价睡眠,上海,好！
我怀念的,孙燕姿- 逆光,new,痛不能共鸣__,云南,谢谢你
我怀念的,孙燕姿- 逆光,new,痛不能共鸣__,云南,辛福啊
我怀念的,孙燕姿- 逆光,new,海浪予你,浙江,好
我怀念的,孙燕姿- 逆光,new,杨梅小露,河南,小嘴巴
我怀念的,孙燕姿- 逆光,new,77麻薯吧,四川,八月你好好的
我怀念的,孙燕姿- 逆光,new,梨花詩lBHl,安徽,生日快乐
我怀念的,孙燕姿- 逆光,new,梨花詩lBHl,安徽,听歌了
我怀念的,孙燕姿- 逆光,new,梨花詩lBHl,安徽,唉
我怀念的,孙燕姿- 逆光,hot,黑夜鱼鱼鱼,,我怀念的是我爷爷还在的时候
我怀念的,孙燕姿- 逆光,hot,常数不变,,演唱会孙燕姿唱到「我怀念的」 身旁的女生拨通了电话举着给对方听 副歌全场合唱时她对着手机喊谁懂我多么不舍得 喊完才看到电话已经挂断了 后半首歌女生一直低头哭着说 本应该是你坐在我身旁 而她身旁的座位也一直空着到终场 ”已经结束的感情 也许真的只剩下你在怀念”
我怀念的,孙燕姿- 逆光,hot,2小土,,过去的歌，都是这样好听到哭。
我怀念的,孙燕姿- 逆光,hot,一颗珂仔,,人要是矫情起来 所有歌都是写的自己
我怀念的,孙燕姿- 逆光,hot,狂暴军医,,七年后，你结婚了。听说那天新娘很美，眉眼温柔。听说那天你爸妈很高兴，让你拉着新娘的手挨桌敬酒，你从前是一杯倒，如今却怎么喝也醉不了。兄弟们凑到一起，开你和新娘的玩笑，新娘娇羞的笑，你却忽然神情恍惚，因为你不合时宜的想起，以前你拉着的另一只手，还说要天荒地老。
我怀念的,孙燕姿- 逆光,hot,小兲王,广东,“偶尔怀念一下就好了，脚下的路更重要”
我怀念的,孙燕姿- 逆光,hot,次姬,,我喜欢的那个男生也许永远永远也不会爱我 但是我真的很怀念他 很舍不得和他的友情舍不得那些曾经
我怀念的,孙燕姿- 逆光,hot,不吃香--菜,,我妈去世三年了。。。时间长了，。亲戚也疏远了。。老爸每天工作。。现在考驾照每天一个人在家。。前些日子煤气中毒差点死掉。。我怀念的是有人关心的日子[流泪][流泪][流泪][流泪]
我怀念的,孙燕姿- 逆光,hot,草莓佬臭臭,,我放手，我让座，假洒脱，谁懂我多么不舍得，太爱了，所以我，没有哭，没有痛。都说回忆是种消极生活方式，可是不知不觉已经这样消极了3年。。。现在都不知道怎样去爱一个人。。。太习惯这样的状态了。
我怀念的,孙燕姿- 逆光,hot,-解忧杂货屋,,一首歌唱哭了多少人
我怀念的,孙燕姿- 逆光,hot,低调的见佛,,三年以后，男和女相遇，男：你好吗？女：好.女：你好吗？，男：好。女：她好吗？男：好，他好吗？女：他刚刚告诉我他很好。
我怀念的,孙燕姿- 逆光,hot,总是莫名的难过xw,,18年1月23号妈妈肺癌去世了，到今天99天了，我很想她，没有人知道我偷偷哭了多少次，心里也是万念俱灰不知道怎么活了。妈妈才49岁，大学刚毕业的我马上要回报的时候可是你已经不在了。时光无法倒流，请珍惜身边的人！可是我仍然没有珍惜住，还是留下太多的遗憾！妈，我想你了，真的很想你！
我怀念的,孙燕姿- 逆光,hot,小祺会好运,上海,后来知道 小说里的完美男人 也只是女性作者的灵魂
我怀念的,孙燕姿- 逆光,hot,Qiiiannn-,天津,这个b世界到底谁在幸福
我怀念的,孙燕姿- 逆光,hot,徳卡叔叔,,我更愿意狼狈不堪.也不愿失去你
萤火星球,梓渝- 萤火星球,new,月亮的冰摇柠檬茶,河北,努力往前跑吧
萤火星球,梓渝- 萤火星球,new,见过_KthQ,河南,好听[飞吻]
萤火星球,梓渝- 萤火星球,new,初聆夏_,福建,好听
萤火星球,梓渝- 萤火星球,new,山时千千竹,河北,好听
萤火星球,梓渝- 萤火星球,new,下诺夫哥罗德二次元茴香,山东,[多多比耶][多多比耶][多多比耶]
萤火星球,梓渝- 萤火星球,new,楼央-,河南,「宇宙借星光低语赞颂」「𝓣𝓱𝓮 𝓬𝓸𝓼𝓶𝓸𝓼 𝔀𝓱𝓲𝓼𝓹𝓮𝓻𝓼 𝓹𝓻𝓪𝓲𝓼𝓮 𝓽𝓱𝓻𝓸𝓾𝓰𝓱 𝓼𝓽𝓪𝓻𝓵𝓲𝓰𝓱𝓽」
萤火星球,梓渝- 萤火星球,new,1楠吖,北京,宝宝
萤火星球,梓渝- 萤火星球,new,浅月流歌_tQcj,山东,[哈哈]
萤火星球,梓渝- 萤火星球,new,uuuu_Ai,江苏,以后是大放光彩的每一天[𝐸𝑣𝑒𝑟𝑦 𝑑𝑎𝑦 𝑎𝘩𝑒𝑎𝑑 𝑤𝑖𝑙𝑙 𝑏𝑒 𝑟𝑎𝑑𝑖𝑎𝑛𝑡!]和你在未来顶峰相见𝓢𝓮𝓮 𝔂𝓸𝓾 𝓪𝓽 𝓽𝓱𝓮 𝓹𝓮𝓪𝓴 𝓸𝓷𝓮 𝓭𝓪𝔂!
萤火星球,梓渝- 萤火星球,new,翻斗花园牛爷爷-318,河北,宝宝~妈妈来了！
萤火星球,梓渝- 萤火星球,new,Imerance_渝,福建,没招 我还喜欢着他
萤火星球,梓渝- 萤火星球,new,跨次元见蒋丞,江西,好听！！！
萤火星球,梓渝- 萤火星球,new,超甜小鱼派,福建,太甜了
萤火星球,梓渝- 萤火星球,new,散在人群中_yz,贵州,好听🎵
萤火星球,梓渝- 萤火星球,new,渝你要照顾好自己,浙江,宝宝天亮啦
萤火星球,梓渝- 萤火星球,new,豆豆-36,陕西,月色很浓[亲亲]
萤火星球,梓渝- 萤火星球,new,我要永远玩光与夜之恋,甘肃,"造谣人人参与，澄清只有粉丝参与
网友变脸又不叫我/."
萤火星球,梓渝- 萤火星球,new,_9smi,广东,郑鹏朕真是爱惨了你。
萤火星球,梓渝- 萤火星球,new,cc麻辣火锅,辽宁,好听好听 软软柔柔的[钻石]
萤火星球,梓渝- 萤火星球,new,常桉归故里,广东,好听
萤火星球,梓渝- 萤火星球,hot,听不听歌丶,山西,"宝宝你已经很棒了！不怕渺小，你的光耀眼发烫🌞  走进梓渝创造的《萤火星球》🔮 听他用歌声讲述不曾知晓的故事📖


"
萤火星球,梓渝- 萤火星球,hot,宇宙级速冻小鱼,安徽,"🎧为渝守候零点！《萤火星球》✨是我今夜的光！🔮循环中！
"
萤火星球,梓渝- 萤火星球,hot,小羊又摊手_,江苏,🌌 《萤火星球》闪耀上线！就在7月24日00:00网易云音乐🎵！@我是梓渝_ 的宇宙级浪漫等你签收！🚀 🔮
萤火星球,梓渝- 萤火星球,hot,梓y__,贵州,都来听梓渝的《萤火星球》🔮都来听梓渝的《萤火星球》🔮都来听梓渝的《萤火星球》🔮都来听梓渝的《萤火星球》🔮都来听梓渝的《萤火星球》🔮都来听梓渝的《萤火星球》🔮都来听梓渝的《萤火星球》🔮都来听梓渝的《萤火星球》🔮都来听梓渝的《萤火星球》🔮
萤火星球,梓渝- 萤火星球,hot,小渝护航员,湖南,小渝宝宝真的好棒🥹ㅎㄹ...真的疯了 完全是  legend   啊ㅋㅋ这种程度真的不是天才吗 ㅅㅂ…做到这种程度的话就完全是神吧ㅠㅠ…小渝宝宝完全就是我男神🥰，今天完全展现出帅气的角度呢 是路过的蚂蚁都会惊叹的程度啊🥳
萤火星球,梓渝- 萤火星球,hot,我意云分散,福建,"
不怕渺小，你的光耀眼发烫🌞  走进@我是梓渝_   创造的《萤火星球》🔮 听他用歌声讲述不曾知晓的故事📖"
萤火星球,梓渝- 萤火星球,hot,桃味y,中国,你到底给我下了什么蛊啊郑朋
萤火星球,梓渝- 萤火星球,hot,Yu秋霖,上海,晚上好呀梓渝~新歌第一时间循环播放了，旋律好抓耳，你的声音真的越来越有感染力了！悄悄问下贵阳音乐节会不会有这首呀？已经开始期待现场版了(๑>؂<๑)说到音乐节 宝宝第一次音乐节表现真的很棒！《拥抱你的我》声音传来的那一刻，突然就眼眶发热了ㅠㅠ是录音棚永远无法复刻的感动啊啊啊...最后！要一直这
萤火星球,梓渝- 萤火星球,hot,_ALan0606,四川,宝宝YUNI爱你🔮宝宝YUNI爱你🔮宝宝YUNI爱你🔮宝宝YUNI爱你🔮宝宝YUNI爱你🔮宝宝YUNI爱你🔮宝宝YUNI爱你🔮宝宝YUNI爱你🔮宝宝YUNI爱你🔮宝宝YUNI爱你🔮宝宝YUNI爱你🔮宝宝YUNI爱你🔮宝宝YUNI爱你🔮宝宝YUNI爱你🔮宝宝YUNI爱你🔮宝宝YUNI爱你🔮
萤火星球,梓渝- 萤火星球,hot,Aread-废桑悲诚,安徽,"不是 那些路人不喜欢为什么还要点开啊 找不开心吗
"
萤火星球,梓渝- 萤火星球,hot,茶卡盐湖精明红枣茶,四川,闺蜜骗你的，其实生气时我也在偷偷做数据
萤火星球,梓渝- 萤火星球,hot,弥漫着blue,安徽,不喜欢可以不来听啊，来这干嘛，自虐吗[做鬼脸]
萤火星球,梓渝- 萤火星球,hot,tianxvningziyi_thunderyuni,贵州,🌽🌽甜度爆表！梓渝妈咪的《萤火星球》甜到心空！(⁄ ⁄>⁄ ▽⁄<⁄ ⁄)💛💚 循环播放ing，耳朵要怀孕啦！👂💕 这歌声就是最亮的萤火，指引着幸福的方向！🌟💞 甜玉米和栩渝永相随！🌽💫
萤火星球,梓渝- 萤火星球,hot,空白_q2LL,河北,我真没招了，恨你还忍不住来听
萤火星球,梓渝- 萤火星球,hot,星渝布拿拿,云南,终于等到梓渝🔮的新歌了！
还是会想你,林达浪 / h3R3- 还是会想你,new,玖千気,云南,"忘不掉的人
"
还是会想你,林达浪 / h3R3- 还是会想你,new,愛雨症,江苏,"因你沉沦，为你疯狂.可自从那天起，我的心再也没有过波澜.
"
还是会想你,林达浪 / h3R3- 还是会想你,new,我怀疑你有点萌,河南,我要成为一个刻薄的人 再也没有人能让我伤心
还是会想你,林达浪 / h3R3- 还是会想你,new,我只有一个巷,江西,8月一切顺利
还是会想你,林达浪 / h3R3- 还是会想你,new,y寻春y,四川,应该是相貌吧。
还是会想你,林达浪 / h3R3- 还是会想你,new,y寻春y,四川,祝平安！
还是会想你,林达浪 / h3R3- 还是会想你,new,西边的路不能走_东边的路走不惯,江苏,fw贝利亚[哈哈][哈哈][哈哈]
还是会想你,林达浪 / h3R3- 还是会想你,new,GMPY_,河北,主页会员自取
还是会想你,林达浪 / h3R3- 还是会想你,new,小鱼绵绵_PF,重庆,因为无缘无故被开了，工资也没有发，今天我生日，但是连一碗饭都没有，晚上睡哪儿也不知道，一个人在外面走着，好无力又好饿，好想吃东西，感觉自己快撑不下去了，我能讨碗饭吃吗
还是会想你,林达浪 / h3R3- 还是会想你,new,情少耳禾,广西,在
还是会想你,林达浪 / h3R3- 还是会想你,new,欧式酒店,湖南,"丨㇏:药膏 :小然体′""＃"
还是会想你,林达浪 / h3R3- 还是会想你,new,Kingrau,湖南,还是会想你 还是会怪你
还是会想你,林达浪 / h3R3- 还是会想你,new,凛冬降临小希,河北,不要给自己留遗憾
还是会想你,林达浪 / h3R3- 还是会想你,new,-茜祁-,四川,你知道吗…… 你分享第一 一定很爱你！
还是会想你,林达浪 / h3R3- 还是会想你,new,凛冬降临小希,河北,如果遇到了更好的人 记得忘记我们走过的路
还是会想你,林达浪 / h3R3- 还是会想你,new,失忆小淞,内蒙古,加油 大胆表白 不要留遗憾  失败了就说游戏输了 还是可以当朋友的
还是会想你,林达浪 / h3R3- 还是会想你,new,凛冬降临小希,河北,在
还是会想你,林达浪 / h3R3- 还是会想你,new,N去死啊,广西,“我好喜欢她 但不敢表白 如果不成功，我和她连朋友都做不成.”
还是会想你,林达浪 / h3R3- 还是会想你,new,小析翊,江西,从头条上看到句话:“你过得再快乐，你突然想到那些瞬间的时候，你都会以最快的速度黯淡下来，多少束光都照不亮”
还是会想你,林达浪 / h3R3- 还是会想你,new,蝶恋_-_T,新疆,还是会想你🌸
还是会想你,林达浪 / h3R3- 还是会想你,hot,帐号已注销,,“既不能断干净又不能和好如初的关系最难受”
还是会想你,林达浪 / h3R3- 还是会想你,hot,达浪呢,,你是我拼了命也抓不住的声音
还是会想你,林达浪 / h3R3- 还是会想你,hot,没有特色,,在二选一的情况下 被抛弃的那个是幸运的
还是会想你,林达浪 / h3R3- 还是会想你,hot,Yessir厂牌,,你是我不敢招摇的想念，依然爱你 却不再打扰
还是会想你,林达浪 / h3R3- 还是会想你,hot,h3R3,,可以跟我说说你们的故事…….那个让你最忘不掉的人...那一天....那一句话....你最想对他说出的那一句话....也许你的故事会出现在我下首歌里
还是会想你,林达浪 / h3R3- 还是会想你,hot,草莓冰淇淋ye,,如果你真的爱我就不会和别的小朋友暧昧啦
还是会想你,林达浪 / h3R3- 还是会想你,hot,爱在过雨季,,“很久不见面的话 会忘了我吗”
还是会想你,林达浪 / h3R3- 还是会想你,hot,封存过往回忆,,"频繁出现在梦里的人
是你的身体感觉到了你的思念
替你见了一面你朝思暮想的人."
还是会想你,林达浪 / h3R3- 还是会想你,hot,眼眸似雪,,"我没有着急乱谈恋爱,我在等一个人来捡起七零八落的我，可能慢慢来也是一种诚意。"
还是会想你,林达浪 / h3R3- 还是会想你,hot,七秒鱼忄,山西,这首歌很牛逼，没谈恋爱都觉得是自己在分手
还是会想你,林达浪 / h3R3- 还是会想你,hot,tZaaaa,,爱情不止玫瑰花 还有郁金香
还是会想你,林达浪 / h3R3- 还是会想你,hot,h3R3,,"曾在我怀里看着我撒娇的你
慢一秒接电话都会生气的你
那场在公交站台下不停的雨
每一次许的愿望都会关于你......"
还是会想你,林达浪 / h3R3- 还是会想你,hot,又是一年枯木逢春,山东,“亲手删了自己喜欢的人的站出来＂
还是会想你,林达浪 / h3R3- 还是会想你,hot,its_Notsobad,,我在疯狂想念你的时候，你正在加速度忘掉我，这是我们之间的能量守恒。 ​​​
还是会想你,林达浪 / h3R3- 还是会想你,hot,假如我们相遇一定能一眼认出彼此,,分享本身就是一种自取其辱的孤独
如果呢,郑润泽- 如果呢,new,与鱼无观,广东,来了
如果呢,郑润泽- 如果呢,new,200斤玩马超的男人,山西,我边听边写作业
如果呢,郑润泽- 如果呢,new,所以痛苦翻倍,河南,早睡
如果呢,郑润泽- 如果呢,new,所以痛苦翻倍,河南,我们只是网友你越界了[多多大哭]
如果呢,郑润泽- 如果呢,new,泪封忆-,广东,8月听《如果呢》的人 要永远幸福下去
如果呢,郑润泽- 如果呢,new,耎软ouo,广东,一个人从家里出来工作没多久，又和家人吵架了。身无分文了， 一天多都没吃什么了，我能讨份吃的嘛...
如果呢,郑润泽- 如果呢,new,雨点_AiV0,陕西,我手又开始抖了  你再心疼心疼我好不好
如果呢,郑润泽- 如果呢,new,细软塌的痛ovo,广东,西施
如果呢,郑润泽- 如果呢,new,发什麽呆-,四川,🙌
如果呢,郑润泽- 如果呢,new,发什麽呆-,四川,抱抱你
如果呢,郑润泽- 如果呢,new,发什麽呆-,四川,宝宝[亲亲]
如果呢,郑润泽- 如果呢,new,一下次見一一,河南,对的
如果呢,郑润泽- 如果呢,new,一下次見一一,河南,8月6日可以和我通话到凌晨吗？
如果呢,郑润泽- 如果呢,new,誰礁ling,河南,感谢
如果呢,郑润泽- 如果呢,new,GMPY_,河北,主页会员自取
如果呢,郑润泽- 如果呢,new,一下次見一一,河南,8月6日可以和我通话到零晨吗、
如果呢,郑润泽- 如果呢,new,祁雨棠,河北,或许那场雨早停了 走不出来的是我.
如果呢,郑润泽- 如果呢,new,but-Heartworm,山东,宝宝[抱抱]
如果呢,郑润泽- 如果呢,new,but-Heartworm,山东,我要碎了 可不可以说那三个字
如果呢,郑润泽- 如果呢,new,发什麽呆-,四川,物是人非事事休 欲语泪先流
如果呢,郑润泽- 如果呢,hot,帐号已注销,,"我得胃癌了

我没有开玩笑 六月的时候就确诊了

我有一个小朋友 我没有告诉他我已经晚期了

我好喜欢他 我想带他去看海看星星 一起去听听雨

在游戏里我们确实可以做到这样 但是现实中 他在陕西 我在台州

我很想活到他和我见面的时候 但是来不及了

鹤 如果你喜欢我的话 忘掉我吧 会有人代替我爱你的"
如果呢,郑润泽- 如果呢,hot,郑润泽,,就是没有所以才说如果嘛.
如果呢,郑润泽- 如果呢,hot,郑润泽,,还有十一天[可爱]
如果呢,郑润泽- 如果呢,hot,清酒匿于晚风,,其实雨不大，是风搞的紧张
如果呢,郑润泽- 如果呢,hot,kkkjjjp,河北,你不是恋爱脑 你只是比较认真 你会幸福的
如果呢,郑润泽- 如果呢,hot,曹润展,河南,我故意晚回消息 以为这样就扯平了
如果呢,郑润泽- 如果呢,hot,郑润泽,,谢谢大家 也谢谢各位老师们 不过一切值得 我也会继续努力
如果呢,郑润泽- 如果呢,hot,Z-April_17,,“你永远不懂那种看清了还喜欢的感觉”
如果呢,郑润泽- 如果呢,hot,悲悯之别,吉林,女孩子用性换爱一直都是愚蠢到家的事情
如果呢,郑润泽- 如果呢,hot,关又失眠了_,北京,“你不是恋爱脑 你只是比较认真 你会幸福的”
如果呢,郑润泽- 如果呢,hot,宠宰,,原来心情不好听这首歌真的会很想哭
如果呢,郑润泽- 如果呢,hot,_-好景常在_,,听了九百多遍了  不听了  释怀了  不合适就是不合适  在爱都没用
如果呢,郑润泽- 如果呢,hot,窝萌呆幼OVO,云南,"全世界都在指责我 那我蹲下摸摸自己的影子
"
如果呢,郑润泽- 如果呢,hot,令诞,,骗你的啦 在你的爱里我总是落泪
如果呢,郑润泽- 如果呢,hot,脆脆鲨的咸鱼,广东,真正的释怀是不再窥探对方的生活
如果爱忘了 (live),汪苏泷 / 单依纯- 声生不息·家年华 第12期,new,想MXX,河北,我好像是个很差劲的人 这一路上有很多人遇到了很多事 有时我尖酸刻薄 可我总在没有人的时候谴责自己 我无法忘记每个人陪我走过的每一段路 我很差劲 总是心口不一 我接受不了身边人的背叛 我无法回答那些尖锐的话除了眼泪只能默认 
如果爱忘了 (live),汪苏泷 / 单依纯- 声生不息·家年华 第12期,new,幸运的梵星,广东,我请你吃
如果爱忘了 (live),汪苏泷 / 单依纯- 声生不息·家年华 第12期,new,幸运的梵星,广东,好好爱自己，好好吃饭啊
如果爱忘了 (live),汪苏泷 / 单依纯- 声生不息·家年华 第12期,new,i京叙,新疆,来了
如果爱忘了 (live),汪苏泷 / 单依纯- 声生不息·家年华 第12期,new,-伊澄_,江西,聿，言不由衷者，难登彼岸
如果爱忘了 (live),汪苏泷 / 单依纯- 声生不息·家年华 第12期,new,GMPY_,河北,主页会员自取
如果爱忘了 (live),汪苏泷 / 单依纯- 声生不息·家年华 第12期,new,奏斐林,河北,赛赛懂你好简单 但你懂我的真的好难
如果爱忘了 (live),汪苏泷 / 单依纯- 声生不息·家年华 第12期,new,妍_鲸,江苏,亲爱的好朋友希望四季循环我们一直是我们
如果爱忘了 (live),汪苏泷 / 单依纯- 声生不息·家年华 第12期,new,-五条悟-1207,四川,他名字缩写和他生日
如果爱忘了 (live),汪苏泷 / 单依纯- 声生不息·家年华 第12期,new,算洐,河北,接
如果爱忘了 (live),汪苏泷 / 单依纯- 声生不息·家年华 第12期,new,-初江-,山东,你开学到学校的第一句话是什么.
如果爱忘了 (live),汪苏泷 / 单依纯- 声生不息·家年华 第12期,new,药我怎么说,河北,生亦何欢死亦何苦
如果爱忘了 (live),汪苏泷 / 单依纯- 声生不息·家年华 第12期,new,祁魿,福建,接
如果爱忘了 (live),汪苏泷 / 单依纯- 声生不息·家年华 第12期,new,小析翊,江西,从头条上看到句话:“你过得再快乐，你突然想到那些瞬间的时候，你都会以最快的速度黯淡下来，多少束光都照不亮”
如果爱忘了 (live),汪苏泷 / 单依纯- 声生不息·家年华 第12期,new,小析翊,江西,从头条上看到句话:“你过得再快乐，你突然想到那些瞬间的时候，你都会以最快的速度黯淡下来，多少束光都照不亮”
如果爱忘了 (live),汪苏泷 / 单依纯- 声生不息·家年华 第12期,new,SHiu77,浙江,接
如果爱忘了 (live),汪苏泷 / 单依纯- 声生不息·家年华 第12期,new,雪碧马超,陕西,哦因为有单依纯衬得好听了
如果爱忘了 (live),汪苏泷 / 单依纯- 声生不息·家年华 第12期,new,悄意,湖北,听不惯别听 没人逼你
如果爱忘了 (live),汪苏泷 / 单依纯- 声生不息·家年华 第12期,new,7866575922,福建,人是流动的[抱抱][抱抱]
如果爱忘了 (live),汪苏泷 / 单依纯- 声生不息·家年华 第12期,new,小古古1904,江西,接接接
如果爱忘了 (live),汪苏泷 / 单依纯- 声生不息·家年华 第12期,hot,汪苏泷,北京,沙发
如果爱忘了 (live),汪苏泷 / 单依纯- 声生不息·家年华 第12期,hot,無小丸,湖南,妈妈拍抖音总是用很重的特效，大家总是觉得老土，可是妈妈也不懂，她只觉得遮住皱纹了，自己好像又年轻了
如果爱忘了 (live),汪苏泷 / 单依纯- 声生不息·家年华 第12期,hot,Clown_-mmb,湖南,网易你买版权的样子好帅😍😍
如果爱忘了 (live),汪苏泷 / 单依纯- 声生不息·家年华 第12期,hot,温楉寒,四川,“我又变回了枯树 你成了另一颗树的春天”
如果爱忘了 (live),汪苏泷 / 单依纯- 声生不息·家年华 第12期,hot,德兰西小姐n,海南,这两人合作 唱熊出没都能深情
如果爱忘了 (live),汪苏泷 / 单依纯- 声生不息·家年华 第12期,hot,Sadwithdastreet,黑龙江,其实我幸福的时候不爱听歌的
如果爱忘了 (live),汪苏泷 / 单依纯- 声生不息·家年华 第12期,hot,世界上最可爱的龙宝宝,广西,我发现他出轨了 不想在为了孩子委屈自己，所以要离婚啦。㊗️自己越来越棒，越来越坚强 我可以的
如果爱忘了 (live),汪苏泷 / 单依纯- 声生不息·家年华 第12期,hot,-娇妻-111,山东,“天天把死挂在嘴边的人，不是在期待死，而是在渴望爱。”——史铁生
如果爱忘了 (live),汪苏泷 / 单依纯- 声生不息·家年华 第12期,hot,Pennnnng_,河北,汪苏泷一开口 我心理医生一下午的工作白干
如果爱忘了 (live),汪苏泷 / 单依纯- 声生不息·家年华 第12期,hot,Y_04U,四川,"第一课：爱人先爱己

第二课：别掉不该掉的眼泪

第三课：好朋友也有朋友

第四课：健康最重要

第五课：少生没必要气

第六课：你永远是最好的自己

第七课：坦然的接受任何人的离开

第八课：你没有那么多观众

第九课：勇敢的人先享受世界

第十课：独行"
如果爱忘了 (live),汪苏泷 / 单依纯- 声生不息·家年华 第12期,hot,自己听哦,福建,情歌不是汪苏泷的舒适区，而是统治区
如果爱忘了 (live),汪苏泷 / 单依纯- 声生不息·家年华 第12期,hot,她会是很无趣,四川,“你信不信，有些人 ，就算你看清了，你照样放不下”
如果爱忘了 (live),汪苏泷 / 单依纯- 声生不息·家年华 第12期,hot,李嘉翊1,河北,"今年让我考上吧 复读太累了
"
如果爱忘了 (live),汪苏泷 / 单依纯- 声生不息·家年华 第12期,hot,汪苏泷,北京,听歌也要上课啊
如果爱忘了 (live),汪苏泷 / 单依纯- 声生不息·家年华 第12期,hot,少萝皇u,云南,单依纯唱的我快碎了🥹 谁懂这段的含金量啊！！两位和声太好听了…好像两条直线拼命地要制造交点不断拉扯
我只能离开(陷在这漩涡之间),颜人中- 初恋那件小事 电视剧原声带,new,歇一歇x,广东,新婚快乐
我只能离开(陷在这漩涡之间),颜人中- 初恋那件小事 电视剧原声带,new,记住少装,广东,你前任和你对象哭了，你第一时间会先哄谁？[尊嘟假嘟]
我只能离开(陷在这漩涡之间),颜人中- 初恋那件小事 电视剧原声带,new,想我-欢迎扩列,湖南,你们知道么，网易的赞是蓝色的
我只能离开(陷在这漩涡之间),颜人中- 初恋那件小事 电视剧原声带,new,妤的忧郁,广东,嗯嗯
我只能离开(陷在这漩涡之间),颜人中- 初恋那件小事 电视剧原声带,new,婷蒽霖,重庆," 一天八万四千六百秒你有想过我一秒吗.

那你呢也会偷看一个不属于你的人吗.

走散的人或许从一开始就不顺路.

我嘴硬的时候你也不坚定.

许愿我的世界不再有你的痕迹.

一个破碎的我怎么安慰一个零碎的你.

模模糊糊中我看清了我们的距离.

你想我嘛."
我只能离开(陷在这漩涡之间),颜人中- 初恋那件小事 电视剧原声带,new,饿樂就喝水,江苏,希望八月听我只能离开的都幸福
我只能离开(陷在这漩涡之间),颜人中- 初恋那件小事 电视剧原声带,new,知错但不改n,浙江,@StephenCurRY_X 微信加回来吗
我只能离开(陷在这漩涡之间),颜人中- 初恋那件小事 电视剧原声带,new,GMPY_,河北,主页会员自取
我只能离开(陷在这漩涡之间),颜人中- 初恋那件小事 电视剧原声带,new,小鱼绵绵_PF,重庆,因为无缘无故被开了，工资也没有发，今天我生日，但是连一碗饭都没有，晚上睡哪儿也不知道，一个人在外面走着，好无力又好饿，好想吃东西，感觉自己快撑不下去了，我能讨碗饭吃吗
我只能离开(陷在这漩涡之间),颜人中- 初恋那件小事 电视剧原声带,new,我知你的明媚,安徽,🌚我爱你。
我只能离开(陷在这漩涡之间),颜人中- 初恋那件小事 电视剧原声带,new,漫奎,云南,其实我喜欢你
我只能离开(陷在这漩涡之间),颜人中- 初恋那件小事 电视剧原声带,new,小析翊,江西,从头条上看到句话:“你过得再快乐，你突然想到那些瞬间的时候，你都会以最快的速度黯淡下来，多少束光都照不亮”
我只能离开(陷在这漩涡之间),颜人中- 初恋那件小事 电视剧原声带,new,-Sswei,浙江,"@Leyonre 
"
我只能离开(陷在这漩涡之间),颜人中- 初恋那件小事 电视剧原声带,new,小析翊,江西,从头条上看到句话:“你过得再快乐，你突然想到那些瞬间的时候，你都会以最快的速度黯淡下来，多少束光都照不亮”
我只能离开(陷在这漩涡之间),颜人中- 初恋那件小事 电视剧原声带,new,小析翊,江西,从头条上看到句话:“你过得再快乐，你突然想到那些瞬间的时候，你都会以最快的速度黯淡下来，多少束光都照不亮”
我只能离开(陷在这漩涡之间),颜人中- 初恋那件小事 电视剧原声带,new,记住少装,广东,幸福总是一阵一阵的 我开始讨厌任何人对我好
我只能离开(陷在这漩涡之间),颜人中- 初恋那件小事 电视剧原声带,new,幸运草_lC1k,河北,愿前程似锦
我只能离开(陷在这漩涡之间),颜人中- 初恋那件小事 电视剧原声带,new,CH梦岚,北京,依旧富二代动真情…
我只能离开(陷在这漩涡之间),颜人中- 初恋那件小事 电视剧原声带,new,ks昵好,江西,噓🤫我在等8月份的人
我只能离开(陷在这漩涡之间),颜人中- 初恋那件小事 电视剧原声带,new,-与她初见-,云南,"问：为什么有的男生撩着撩着就不撩了呢？
回：这就好比你刮奖的时候刮到一个谢字，这时候的你还要继续么？"
我只能离开(陷在这漩涡之间),颜人中- 初恋那件小事 电视剧原声带,hot,顔人中,,我唱这首歌时脑中一直浮现我在一场大雨中奔跑着的画面，泪水雨水分不清，嘴里一直喊着不知道的哪个她的名字，你会想起谁？
我只能离开(陷在这漩涡之间),颜人中- 初恋那件小事 电视剧原声带,hot,-慢点忘记我-y,云南,“亲自删过自己喜欢的人 都站出来”
我只能离开(陷在这漩涡之间),颜人中- 初恋那件小事 电视剧原声带,hot,x-s陳,甘肃,还翻什么啊，咱父母必须长命百岁啊！
我只能离开(陷在这漩涡之间),颜人中- 初恋那件小事 电视剧原声带,hot,我脆脆的,,前程似锦原来是离别的意思，那我祝你前途无量
我只能离开(陷在这漩涡之间),颜人中- 初恋那件小事 电视剧原声带,hot,爱吃蛋炒饭_Alw,湖南,24届高考生（包括特长生）全部上岸！！！
我只能离开(陷在这漩涡之间),颜人中- 初恋那件小事 电视剧原声带,hot,小析翊,江西,“不要脑子一热就去发不该发的信息”
我只能离开(陷在这漩涡之间),颜人中- 初恋那件小事 电视剧原声带,hot,臭臭大王u,广西,以前很讨厌妈妈拿手机拍我 讨厌她拿手机对准我 每次都指责她不要拍我了 她每次都很尴尬的笑一笑 说不拍了不拍了 最后才发现 只有妈妈才会举起手机记录我
我只能离开(陷在这漩涡之间),颜人中- 初恋那件小事 电视剧原声带,hot,忘了我wlw,安徽,暗恋好久啦，破千就去表白
我只能离开(陷在这漩涡之间),颜人中- 初恋那件小事 电视剧原声带,hot,因为0脸红,广东,"戴上耳机：人间不值得
摘下耳机：妈中午吃啥"
我只能离开(陷在这漩涡之间),颜人中- 初恋那件小事 电视剧原声带,hot,伴铭左右,天津,"洗衣服的时候妈妈突然对我说：
你找个媳妇就不用自己洗衣服了
我习惯性随口说了一句：
""我想没有哪个女孩子奔向婚姻是为了
那些家庭琐碎的家务去的
我想妈妈你也不例外""
她突然沉默了 放下手上的事物回了房间"
我只能离开(陷在这漩涡之间),颜人中- 初恋那件小事 电视剧原声带,hot,长夜看海,,原来有些放手是必然，原来离开也是种祝福，原来我们没有未来。
我只能离开(陷在这漩涡之间),颜人中- 初恋那件小事 电视剧原声带,hot,琳睌,山东,别emo了 看到评论区大多都是初高中生 她们诉说这自己的爱情故事 我想说的是 我们不应该把美好的青春浪费在失败的爱情上 好好学习好好生活好好爱父母吧 或许这才是你该做的
我只能离开(陷在这漩涡之间),颜人中- 初恋那件小事 电视剧原声带,hot,总会有人爱你如生命,湖北,奉劝各位学子 先闻书香 再闻花香
我只能离开(陷在这漩涡之间),颜人中- 初恋那件小事 电视剧原声带,hot,收笔丢墨,吉林,很多人搞错了告白的意思，告是告诉，白是话，向对方告白是告诉对方一些话，而不是向对方索取关系，告白接的应该是句点，而不是问号，对方要是同样的喜欢你，自然会反过来告白，要是不喜欢你你也别难过，因为告白本身就是目的，而你完成了目的，所以你已经很棒了。
我只能离开(陷在这漩涡之间),颜人中- 初恋那件小事 电视剧原声带,hot,抚琴的人_-,山东,守护边境已经1689天，祝祖国繁荣昌盛！！！
坠落,蔡健雅- 天使与魔鬼的对话,new,染年凉城似染瑾190814,浙江,xnys99
坠落,蔡健雅- 天使与魔鬼的对话,new,天真碍,广西,八月听坠落的人都能如愿以偿
坠落,蔡健雅- 天使与魔鬼的对话,new,许次心愿,江苏,˃̣̣̥᷄⌓˂̣̣̥᷅ 你好 可以抱抱我嘛
坠落,蔡健雅- 天使与魔鬼的对话,new,许次心愿,江苏,跟你们这群有VIP的拼了[好听]
坠落,蔡健雅- 天使与魔鬼的对话,new,爱在江南小城,贵州,对不起 我总是说一些气话 我其实只想说 我爱你
坠落,蔡健雅- 天使与魔鬼的对话,new,狐狸君piao,四川,"暗恋两年没想到他喜欢我四年了表白成功！！！
"
坠落,蔡健雅- 天使与魔鬼的对话,new,你总说喜欢雨季,新疆,"(⑉꒦ິ^꒦ິ⑉)
"
坠落,蔡健雅- 天使与魔鬼的对话,new,错付_ATXg,河南,希望和平精英一发中主套！
坠落,蔡健雅- 天使与魔鬼的对话,new,吾非人哉-_-,上海,前天出了
坠落,蔡健雅- 天使与魔鬼的对话,new,狐狸君piao,四川,天啊😦这么久 
坠落,蔡健雅- 天使与魔鬼的对话,new,吟淇韵,贵州,就别抱紧我～就别安慰我～
坠落,蔡健雅- 天使与魔鬼的对话,new,夜棠棠棠-唯愿,江苏,异校我们也要好一辈子[多多难过]
坠落,蔡健雅- 天使与魔鬼的对话,new,Lilin-易,湖北,吃了没
坠落,蔡健雅- 天使与魔鬼的对话,new,唯有痛是归宿,福建,笔记免费会员
坠落,蔡健雅- 天使与魔鬼的对话,new,如雪-r,浙江,狛治先生 已经够了..
坠落,蔡健雅- 天使与魔鬼的对话,new,小鱼绵绵_PF,重庆,因为无缘无故被开了，工资也没有发，今天我生日，但是连一碗饭都没有，晚上睡哪儿也不知道，一个人在外面走着，好无力又好饿，好想吃东西，感觉自己快撑不下去了，我能讨碗饭吃吗
坠落,蔡健雅- 天使与魔鬼的对话,new,CCYF__-,辽宁,为什么感觉我的女朋友对我冷漠了
坠落,蔡健雅- 天使与魔鬼的对话,new,糯米厌恶感情,浙江,"靠山你自己找我好不好？我抢不过他们(*꒦ິ⌓꒦ີ)
"
坠落,蔡健雅- 天使与魔鬼的对话,new,只为忘川,山东,谢谢
坠落,蔡健雅- 天使与魔鬼的对话,new,有情人终不成眷属_,山东,哈哈哈哈
坠落,蔡健雅- 天使与魔鬼的对话,hot,小小小小海棠,,这是健雅少有的一首极度灰暗的歌。可以在放纵自己悲伤的时候听。不过，歌曲虽悲，还是要乐观生活。歌友们不要永远处于歌曲那种悲伤中。听完还是要振作起来哦。主动寻找阳光。
坠落,蔡健雅- 天使与魔鬼的对话,hot,Cici是小朋友,,那句“就别抱紧我 别安慰我，就放弃我 让我继续坠落”，我想，内心其实在叫嚣着的是“拜托你抱紧我、安慰我，求你别放弃我”
坠落,蔡健雅- 天使与魔鬼的对话,hot,麦芽糖面包,,我为你拒绝了一切的暧昧，你却留着你的自以为的暧昧，当你为了一个外人和我争吵，我想是时候让我一人坠落，让我试着把你从我的生命里赶走吧，我一个人很好，会好起来的？是吧？[心碎]
坠落,蔡健雅- 天使与魔鬼的对话,hot,Quetzal-,,前两年听这首歌感觉不到黑暗 就算看评论也无法感同身受 两年后的今天 刚刚确诊了抑郁症 躺在床上看着长长的说明书确确实实的明白自己已经是个病人了  大概就像歌词里说的感觉 冷漠麻木又敏感 看不到曙光 感觉不到希望 生怕拖累了身边的人 所以不懂得要怎么倾诉 没理由的难过 可我要加油活着
坠落,蔡健雅- 天使与魔鬼的对话,hot,暖风吹过亦有点冻_,,"若你听见我的哽咽声 请你捂上耳朵 
让我一直孤傲 一直漂亮"
坠落,蔡健雅- 天使与魔鬼的对话,hot,EscA_H,,我觉得最好的时刻是一首歌感同身受
坠落,蔡健雅- 天使与魔鬼的对话,hot,匿名者_bINe,广东,“拧巴的人永远在期待别人能读懂她的隐喻。”
坠落,蔡健雅- 天使与魔鬼的对话,hot,奶鱼QuQ,,下辈子想出生在有钱又宠女儿的家庭。
坠落,蔡健雅- 天使与魔鬼的对话,hot,黄智慧Wisdom,,人要是矫情起来 听什么都像是在说自己
坠落,蔡健雅- 天使与魔鬼的对话,hot,iiik17,山东,其实早睡两个小时并不会错过什么消息
坠落,蔡健雅- 天使与魔鬼的对话,hot,koe7cr,广东,"高考失利了，对不起爸爸妈妈
"
坠落,蔡健雅- 天使与魔鬼的对话,hot,天降温宝,,我曾经一个多月每天下班在地铁里单曲循环这首歌，像是无形中在抚慰我疲惫的心……
坠落,蔡健雅- 天使与魔鬼的对话,hot,-公主裙,,总认为这个世界 没我无所谓 …
坠落,蔡健雅- 天使与魔鬼的对话,hot,-大于海棠,,蔡健雅的歌，无论哪一首都这么好听。。纯粉
坠落,蔡健雅- 天使与魔鬼的对话,hot,镜枫雨,河南,七月听《坠落》的都得偿所愿
你,郑润泽- 你,new,__mirror___,广东,玥玥？
你,郑润泽- 你,new,ID痛名为蕙,贵州,"和你八月的第一天 许愿你无忧.

和你八月的第一天 许愿你无忧.

和你八月的第一天 许愿你无忧.

和你八月的第一天 许愿你无忧.

和你八月的第一天 许愿你无忧.

和你八月的第一天 许愿你无忧.

和你八月的第一天 许愿你无忧.

和你八月的第一天 许愿你无忧.
"
你,郑润泽- 你,new,ID痛名为蕙,贵州,"挂主页文案.

文案圈 念安蕙.

和你八月的第一天 许愿你无忧.

和你八月的第一天 许愿你无忧.

和你八月的第一天 许愿你无忧.

和你八月的第一天 许愿你无忧.

和你八月的第一天 许愿你无忧.

和你八月的第一天 许愿你无忧."
你,郑润泽- 你,new,请幸福降临于奕,江苏,"好累
"
你,郑润泽- 你,new,ID小学生i,天津,如果你也听郑润泽 那我们就是好朋友
你,郑润泽- 你,new,留园徒步玛格丽特,广东,手链可以自己买 幸福可以自己给.
你,郑润泽- 你,new,而歌声却温柔_,广东,"幸福就是见你一面唉

骗你的 我爱你胜过我自己

不喜欢了 还要提起你

原来我可有可无"
你,郑润泽- 你,new,而歌声却温柔_,广东,"他们都说你 可我都不信

见过你好多次 在梦里

眼泪灼烧了你的痕迹

你出现的好不是时候

"
你,郑润泽- 你,new,而歌声却温柔_,广东,"提起你的早期 是数不尽的眼泪

比起你的脸 你的声音更清晰

可偏偏你的泪在我眼里

金钱是我们见面的筹码

想问问你最近过得怎么样"
你,郑润泽- 你,new,好想见1面你,贵州,"日子还长别总跟这一段过不去.
她像一阵风悄悄地从我指间溜走.
能不能告诉我你这次离开的各种原因.
有些牢笼是自己给自己的.
我会解脱的我再也不会痛了.你总是开导别人怎么自己也深陷其中.
想拥有坚硬的躯壳封住我的脆弱.
过分的执念是对自己的伤害.
人生有太多个雨季要学会自己撑伞."
你,郑润泽- 你,new,好想见1面你,贵州,"你总是开导别人怎么自己也深陷其中.
想拥有坚硬的躯壳封住我的脆弱.
过分的执念是对自己的伤害.
人生有太多个雨季要学会自己撑伞.日子还长别总跟这一段过不去.
她像一阵风悄悄地从我指间溜走.
能不能告诉我你这次离开的各种原因.
有些牢笼是自己给自己的.
我会解脱的我再也不会痛了.如果喜欢你"
你,郑润泽- 你,new,想沈么,重庆,你从来没想过我的感受没想过我的情绪
你,郑润泽- 你,new,小ran染_,广东,"下雨了和姐的心一样.

你什么档次敢冷落小学生大王.

好无聊啊我们一起来花你的钱吧

喜欢一个人太累了所以见一个爱一个.

小手机只有你了解我我最爱你了.

我们复合吧我想你了这个赛季太难打了.

Oh_my god又是想死的一天
"
你,郑润泽- 你,new,小ran染_,广东,"爸我这一条小贱命真的能承受这么多吗?

不考虑物种的话我还是想和床结婚

怎么没人找我聊天都搞集体暗恋是吧

喜不喜欢御姐?嗯?我刚从狱里出来

我们大家的苦难大多相同所以我们是男同

一旦学会摆烂你会发现世界豁然开朗

老年人朝气蓬勃年轻人死气沉沉
"
你,郑润泽- 你,new,江南思烟雨-,广西,如果什么都会变 那我就再不怨
你,郑润泽- 你,new,小ran染_,广东,"我也不想熬夜但是手机放不下我

伤感都是装的现实我比轰天炮笑得还响

等我有钱了你就可以不陪我吃苦了你自己吃

做事一定要考虑别人的感受千万不能让他们太开心了

小手机小笨床咱三把日子过好比什么都强

喂鸡咋了勾勾勾哒勾勾勾哒

可以和你在一起吗可以那算了
"
你,郑润泽- 你,new,叹我千泪,河北,[害羞]
你,郑润泽- 你,new,GMPY_,河北,主页会员自取
你,郑润泽- 你,new,我知你的明媚,安徽,准初三如何？🌚
你,郑润泽- 你,new,我知你的明媚,安徽,小影天天开心。
你,郑润泽- 你,hot,Kipey,,你不是恋爱脑 你只是比较认真 你会幸福的
你,郑润泽- 你,hot,今天也很开心_N,云南,在我们相爱的时候懂爱就好了
你,郑润泽- 你,hot,在世界末日前,湖北,"早上：笑死我了
中午：笑死我了
晚上：我想要你的爱 更想被你爱"
你,郑润泽- 你,hot,郑润泽,,戳心了
你,郑润泽- 你,hot,立陷在,,听到这首歌 心里能想到的只有一个人
你,郑润泽- 你,hot,帐号已注销,新疆,真正的be之前会有一次短暂的和好 然后彻底结束
你,郑润泽- 你,hot,曹润展,河南,聊天记录越往上翻 你越爱我
你,郑润泽- 你,hot,心魔道祖,安徽,妈妈用十个月才编织好你的心脏，不要让别人用几句话就破坏了它。
你,郑润泽- 你,hot,RIDINROUND,北京,老子已经对那红色感叹号聊了二年了
你,郑润泽- 你,hot,尖鼻子格格巫,,其实，偷看你听歌排行挺蠢的，但事实是，我每次听歌都会偷偷看你主页一次
你,郑润泽- 你,hot,zzy-_999,广东,“拧巴的人永远在期待别人能读懂他的隐喻”
你,郑润泽- 你,hot,欲望粉碎者,天津,你是唯一一个让我心动的男孩。以前我想着那么喜欢的男孩子多幸运的女孩才能嫁给他呢。现在我看到了你过得很好。还记得以前天天等你的消息，你给我发一句小朋友，我能开心好几天。刚离开的时候，我还会担心你是不是胃又疼又熬夜了每晚想你想得哭了又醒，谢谢你教会我很多。你的幸福，是我最大的安慰。
你,郑润泽- 你,hot,帐号已注销,广东,连见一面都难的人还幻想什么未来
你,郑润泽- 你,hot,竹-萧,湖北,主动制造羁绊就要承受流泪的风险
你,郑润泽- 你,hot,呀呀喂诶,广西,爸妈拼了命的供你   你拼了命的往情里困
听夜雨,礼越- 听夜雨,new,茨菇a,浙江,那也有些人不是通过逆爱知道这首歌的啊  又不是主题曲  能不能别ky
听夜雨,礼越- 听夜雨,new,_离归絮_,北京,你们一句圈地自萌我信了一年又一年
听夜雨,礼越- 听夜雨,new,小提琴硬核Drumstep,山东,谢谢
听夜雨,礼越- 听夜雨,new,Architectl,云南,还有解药吧，那首予你也是极其的名场面
听夜雨,礼越- 听夜雨,new,湉卿焱虞嫚,上海,谢谢你
听夜雨,礼越- 听夜雨,new,白qiqi,江苏,谢谢[心心]
听夜雨,礼越- 听夜雨,new,叙利亚作息的鱼_y,江苏,画舫听夜雨 我和你初遇
听夜雨,礼越- 听夜雨,new,许悠悠_TOuU,重庆,你们一句圈地自萌我信了一年又一年
听夜雨,礼越- 听夜雨,new,小鱼绵绵_PF,重庆,因为无缘无故被开了，工资也没有发，今天我生日，但是连一碗饭都没有，晚上睡哪儿也不知道，一个人在外面走着，好无力又好饿，好想吃东西，感觉自己快撑不下去了，我能讨碗饭吃吗
听夜雨,礼越- 听夜雨,new,小岛来信_you,河南,谢谢
听夜雨,礼越- 听夜雨,new,冬天道系音效_L,浙江,让我想起《朝雪录》 李兰迪 敖瑞鹏了[色][色][色]
听夜雨,礼越- 听夜雨,new,Helen__FD,河北,想到了九重紫中雨夜托孤的画面
听夜雨,礼越- 听夜雨,new,Myhoneyone,安徽,要是拿bl的歌去配bg你们叫的比谁都大声。
听夜雨,礼越- 听夜雨,new,Y陈景深U,广东,谢谢
听夜雨,礼越- 听夜雨,new,卿ovo尘,江西,谁问了[流泪]
听夜雨,礼越- 听夜雨,new,长眠不醒又何惧,江苏,你们一句圈地自萌我信了一年又一年
听夜雨,礼越- 听夜雨,new,小析翊,江西,从头条上看到句话:“你过得再快乐，你突然想到那些瞬间的时候，你都会以最快的速度黯淡下来，多少束光都照不亮”
听夜雨,礼越- 听夜雨,new,能否与我续个缘呢,湖南,你以为是我放弃了  实则我是真的没招了
听夜雨,礼越- 听夜雨,new,他叫想她,江苏,生日快乐
听夜雨,礼越- 听夜雨,new,他叫想她,江苏,谢谢
听夜雨,礼越- 听夜雨,hot,蝉鸣鰍,广东,0个人想看到提逆爱的。。
听夜雨,礼越- 听夜雨,hot,252257465,河北,有人上一秒在刷视频，下一秒就打开了网易云
听夜雨,礼越- 听夜雨,hot,昨夜风_zfZb,安徽,评论区搞的我还以为这首歌是逆爱的主题曲呢。。。。额
听夜雨,礼越- 听夜雨,hot,再串无浮木,浙江,不懂了，这首歌和逆爱有关系吗？
听夜雨,礼越- 听夜雨,hot,蔽淚,河南,怎么哪里都有那个男t剧的 我都逃到网易云了。。
听夜雨,礼越- 听夜雨,hot,沈抱山lichishu,江西,什么逆爱我还逆战呢
听夜雨,礼越- 听夜雨,hot,春赴夜,江西,你们一句圈地自萌我信了一年又一年
听夜雨,礼越- 听夜雨,hot,cn忘忧_wy,辽宁,“画舫听夜雨”那个停顿像一见钟情时心跳漏了一拍
听夜雨,礼越- 听夜雨,hot,Novrk,新疆,逆爱，这部剧本来无感，现在感觉不雷不行了。。。
听夜雨,礼越- 听夜雨,hot,不顾青山碍,安徽,有人嫌雨急 有人观雨景
听夜雨,礼越- 听夜雨,hot,玉Sariel,云南,歌词中“两小无猜”一般是指男女年幼之时，“发髻”在中国东亚传统文化中一般通常用于女性身上，“胭脂扣”指的是旧时女子衣物上的装饰扣子。也不是说不能提别的，但是这歌这么看来应该是bg的吧？bg的歌拿来配bl是不是不太合适?换位思考一下，bl的歌拿去配bg腐小妹是不是又要重演放学等我的名场面了?
听夜雨,礼越- 听夜雨,hot,霍殉,广东,刚刚从抖音刷到就来听，给我下药了吧
听夜雨,礼越- 听夜雨,hot,Kaaaaay-,广东,像青梅竹马几年不见 在湖边桥檐下绵绵细雨 人群中初次再遇的场景 带着少年的青涩的情感氛围
听夜雨,礼越- 听夜雨,hot,w昶c,安徽,嗯。就是不要ky可以吗 逆爱确实是很好看的 但是这不是逆爱的主场呀 可以去《肆意生花》评论[拜][拜]
听夜雨,礼越- 听夜雨,hot,一生爱齐司礼,四川,我看这个歌词好像是bg吧？咋一直都在提逆爱bl呀[晕][晕]
把回忆拼好给你,王贰浪- 把回忆拼好给你,new,TM没忘记你_鱼,山西,生日快乐
把回忆拼好给你,王贰浪- 把回忆拼好给你,new,爱是谎言哦,山东,白绝面具庆新生，虎纹面具踏幽冥，漩涡面具装痴傻，轮回勾玉战天下，名带土，顶斑名，因挚爱，开万花，放九尾，战四代，控水影，骗长门，统一晓 ，集尾兽，开四战，化十尾，上轮回，战佐鸣，戎马一生只为琳，敢和世界发展的人却不敢和自己喜欢的人表白，有着能看透一切的最强万花筒，却不能看透你内心
把回忆拼好给你,王贰浪- 把回忆拼好给你,new,y寻春y,四川,虽然错过了，但最终还是想着那个她
把回忆拼好给你,王贰浪- 把回忆拼好给你,new,y寻春y,四川,不是老弟！！！还往下翻呢，咱爸妈一定长命百岁
把回忆拼好给你,王贰浪- 把回忆拼好给你,new,林涫郁,广东,风已经有秋天的味道了我的意思是好久不见[微笑]
把回忆拼好给你,王贰浪- 把回忆拼好给你,new,闹钟早点睡,江苏,爱情都没搞明白  暧昧倒是挺清楚的.
把回忆拼好给你,王贰浪- 把回忆拼好给你,new,闹钟早点睡,江苏,爱情都没搞明白  暧昧倒是挺清楚的.
把回忆拼好给你,王贰浪- 把回忆拼好给你,new,冰层花青巧克力慕斯,河北,快乐
把回忆拼好给你,王贰浪- 把回忆拼好给你,new,冷喵好吧,山东,"盖掉伤疤和过去就能得到幸福吗.
"
把回忆拼好给你,王贰浪- 把回忆拼好给你,new,下雨天y1231,江苏,恭喜
把回忆拼好给你,王贰浪- 把回忆拼好给你,new,下雨天y1231,江苏,生日快乐
把回忆拼好给你,王贰浪- 把回忆拼好给你,new,夜半姑苏寒山客,陕西,8月听的永远幸福😊
把回忆拼好给你,王贰浪- 把回忆拼好给你,new,红夜带土_nlIN,辽宁,错了错了哥
把回忆拼好给你,王贰浪- 把回忆拼好给你,new,嘴犟犁磕,重庆,生日快乐
把回忆拼好给你,王贰浪- 把回忆拼好给你,new,耎软ouo,广东,一个人从家里出来工作没多久，又和家人吵架了。身无分文了， 一天多都没吃什么了，我能讨份吃的嘛...
把回忆拼好给你,王贰浪- 把回忆拼好给你,new,裞裞,河南,“我一次次的拿起塔罗牌只是为了占卜副孙幸不幸福”…
把回忆拼好给你,王贰浪- 把回忆拼好给你,new,胖子D-L,四川,我应该是来的最晚的人了吧。[飞吻][飞吻]
把回忆拼好给你,王贰浪- 把回忆拼好给你,new,GMPY_,河北,"主页会员自取
"
把回忆拼好给你,王贰浪- 把回忆拼好给你,new,秋刀魚_111,新疆,抄袭[弱][便便]
把回忆拼好给你,王贰浪- 把回忆拼好给你,new,Ks-烫手的冰-g,广西,"我爱你的破碎胜过你的完美
"
把回忆拼好给你,王贰浪- 把回忆拼好给你,hot,王贰浪,, 希望你是回忆里 那个永远不长胖的人～
把回忆拼好给你,王贰浪- 把回忆拼好给你,hot,搁浅页,,“所以你宁愿错过也不愿主动，对吗？”
把回忆拼好给你,王贰浪- 把回忆拼好给你,hot,曰月曌,,这个世界病了，把渣当酷，把深情叫舔。
把回忆拼好给你,王贰浪- 把回忆拼好给你,hot,夜晚星点灯,,"I like you,but just like you[爱心]"
把回忆拼好给你,王贰浪- 把回忆拼好给你,hot,游木川上,重庆,回忆应该是惩罚一个人最好的方式
把回忆拼好给你,王贰浪- 把回忆拼好给你,hot,小炸弹qwq,,这首歌真奇怪，像告白又像告别
把回忆拼好给你,王贰浪- 把回忆拼好给你,hot,残念wlb,,我这辈子做过最有成就感的事，是用一根小皮筋，换了一枚DR 钻戒
把回忆拼好给你,王贰浪- 把回忆拼好给你,hot,1没想过离开,,单数复合 双数释怀 说话算话
把回忆拼好给你,王贰浪- 把回忆拼好给你,hot,哥可是纯爱o,湖北,这首歌每收到一次通知我就回来听一次
把回忆拼好给你,王贰浪- 把回忆拼好给你,hot,听风说过你a,,“取消置顶后才发现你垫底” ​​​
把回忆拼好给你,王贰浪- 把回忆拼好给你,hot,Wan9hAnYve,,现在是00:48，姐姐好像有心理病，刚刚不知道为什么哭了。弟弟整天打游戏，和妈妈吵架顶撞。妈有糖尿病，颈椎病。爸爸今年查出肝有问题…爷爷在今年一月去世。今年弟上大学，我俩学费又是个问题…现在我每天兼职又努力学习，要是我能快点长大就好了，再坚强一点吧。
把回忆拼好给你,王贰浪- 把回忆拼好给你,hot,在遇城南,,都分手了  她的iphone13我还在分期
把回忆拼好给你,王贰浪- 把回忆拼好给你,hot,晚无春风,,昨天 我查出了肺癌晚期 医生说最多就能活三到六个月 我在想两个可爱的女儿和一个活泼的儿子他们最大的才六岁 家里就剩最后的六万块钱 家里没房没车 我在想我老婆抚养这三个孩子得多累打多少份工作 最放不下的还是我老婆 我在想孩子这么淘气 还是那天发生是什么事她怎么办 我真的不想死 但是命运就这样.
把回忆拼好给你,王贰浪- 把回忆拼好给你,hot,巍峨喀喇昆仑,山东,25年还在听这首歌的是这个👍🏻👍🏻
把回忆拼好给你,王贰浪- 把回忆拼好给你,hot,顾辞Rl,,"15岁，初三，我遇到了她，我终于知道了什么叫做一眼万年，我开始默默的喜欢她

16岁，初三，她有喜欢的人，我还是一如既往的喜欢她

16岁，初三，我开始跟朋友说，我喜欢她，经过朋友的分析，我决定跟她表白

2020年5月某天我通过朋友知道她也喜欢我，当时很开心也很激动

2020年5月某天晚上我跟她表"
特别的人,方大同- 危险世界,new,说爱念丶,福建,2025了[哈哈]
特别的人,方大同- 危险世界,new,说爱念丶,福建,"还在谈嘛~
"
特别的人,方大同- 危险世界,new,天王星无忧无虑红薯,湖南,你身上充斥着和别人暧昧的味道 或许我早该逃离你了
特别的人,方大同- 危险世界,new,feimi肥米,广东,没事没事
特别的人,方大同- 危险世界,new,小猫咪娜嘟,湖北,一定要在一起。宝宝
特别的人,方大同- 危险世界,new,小千_CBmY,新疆,方大同晚安
特别的人,方大同- 危险世界,new,江研_wang,重庆,听
特别的人,方大同- 危险世界,new,nnnnnnnnnmmmmmmmmmmmmmm,四川,最无奈的就是念旧
特别的人,方大同- 危险世界,new,私宅小勤,河南,你的身影越来越模糊 我好像越来越记不清了
特别的人,方大同- 危险世界,new,无用情话少讲,江西,"你长了一张只会誓言的嘴却没本事做到

有好多话想对你说但最想说我好想你.

知道你会离开所以我不敢太过于依赖你.

你不必哽咽我始终记得见你的第一面.

你说的想被爱我猜是想当小孩.

驾驭不了的东西一开始就应该远离.

想到以后的校园生活没有你难免会哽咽.

从始至终没有一个人真正的爱过我."
特别的人,方大同- 危险世界,new,无用情话少讲,江西,"或许有一天你会明白曾经我有多爱你

这回又要等你多久呢我也好羡慕别人

我恨你我再也不要喜欢你

我即使再委屈我也会为你心软无数次.

""我以为那么久的陪伴会换来我所期待的""

算了一遍遍捡起破碎的我确实辛苦

就当作淋一场雨湿了眼睛看谁都像你

我们有太多隔阂了能不能重新开始
"
特别的人,方大同- 危险世界,new,无用情话少讲,江西,"片刻的晴天我不在想要.

再好也是从前再爱也是刚开始.

不能坚定的选择我就不要靠近我.

你说少联系从此我们再无音序.

我就当你的离开是一场永久的冷战.

难过的不是离别而是冰冷的回忆.

我试图冷落你却发现痛的只有我自己.

遇见新人别诋毁我我没对不起你.
"
特别的人,方大同- 危险世界,new,无用情话少讲,江西,"关于我们我想了很久最后选择了放弃

不珍惜我的话明天就没有我的消息了

丢掉一次面子可以换一次和好吗

我变回枯树那天你又是崭新的春天

烟我经常抽眼泪为你流的也最多

这次我放你走从此我们毫无瓜葛

别哭了你的泪砸不进他的心里

我的眼睛拥抱了你的背影无数次
"
特别的人,方大同- 危险世界,new,蛋挞1Q,湖南,[笑哭][笑哭][笑哭]你的缘有点慢呀 
特别的人,方大同- 危险世界,new,ID痛累,广东,跪求好听网名.
特别的人,方大同- 危险世界,new,祁雨棠,河北,或许那场雨早停了 走不出来的是我.
特别的人,方大同- 危险世界,new,小鱼绵绵_PF,重庆,因为无缘无故被开了，工资也没有发，今天我生日，但是连一碗饭都没有，晚上睡哪儿也不知道，一个人在外面走着，好无力又好饿，好想吃东西，感觉自己快撑不下去了，我能讨碗饭吃吗
特别的人,方大同- 危险世界,new,7_7晚睡,湖南,方大同 几十年后见
特别的人,方大同- 危险世界,new,7_7晚睡,湖南,还有5年
特别的人,方大同- 危险世界,new,tlsxjx,江苏,[泪目]
特别的人,方大同- 危险世界,hot,空山雾,,我每次都把那句“我们是对方，特别的人”听成“我们吃的饭，特别的热”[大哭][大哭]
特别的人,方大同- 危险世界,hot,攒满世间所有温柔,山东,在听一遍特别的人 也向特别的你告别
特别的人,方大同- 危险世界,hot,真名有语-,吉林,方老师下辈子还听你的歌
特别的人,方大同- 危险世界,hot,可爱的艺子,山西,希望你在另一个世界也是一个特别的人
特别的人,方大同- 危险世界,hot,我只是拿歌单当记事本,,多少年了，方大同还是等不到薛凯琪回头，好心疼，吃不下第二碗了 #饭后就是喜欢操闲心#
特别的人,方大同- 危险世界,hot,凯凯txk,贵州,记录一下:今年大2，我和她还能在一起一年，因为大2结束，我要去参军，这也是她希望的.她说:希望我当5年。她常常问我，我们什么时候结婚，我总回答说当完兵后吧。朋友们，在2029年11月22日或者2030年11月22日，我和她结婚的话，这里每个人都有喜糖红包！！！[可爱]
特别的人,方大同- 危险世界,hot,释怀姐-,,八年后我要嫁给陈柏铭
特别的人,方大同- 危险世界,hot,傲一十九,河南,一路走好 大同哥[流泪] 上帝想听音乐了吧
特别的人,方大同- 危险世界,hot,找不到一个好的昵称,,一个人久了，连煮个汤圆都要把两个粘在一起的分开
特别的人,方大同- 危险世界,hot,-隔壁橘,,好奇怪 这首歌像是告白又像是告别
特别的人,方大同- 危险世界,hot,我活的实在太可悲,,怀念应该是惩罚吧 惩罚念旧的人
特别的人,方大同- 危险世界,hot,心事难数,黑龙江,一听到这个bgm就想哭 有一种全世界都幸福了就我不幸福的感觉
特别的人,方大同- 危险世界,hot,虾仁睡了吗,,单：去表白  双：继续暗恋
特别的人,方大同- 危险世界,hot,Ruiagony,广东,你不是恋爱脑 你只是比较认真 你会幸福的
特别的人,方大同- 危险世界,hot,从小就是当bijin的料,,你知道我特意充了一个黄钻，就是为了被挡访客里面有没有你，现在我敷着面膜，眼泪一行一行流下来
小胡同,郑润泽- 小胡同,new,总是情绪不好,广西,敏感的人  心事像洋葱
小胡同,郑润泽- 小胡同,new,总是情绪不好,广西,变化这个东西太奇怪了 你形容不出来 但你就是知道已经不一样了
小胡同,郑润泽- 小胡同,new,钦-7,广东,接。
小胡同,郑润泽- 小胡同,new,少点天真多点泪,重庆,离开的时候是去年七月 现在八月了 我朝思暮想的那张脸 已经开始模糊了
小胡同,郑润泽- 小胡同,new,少点天真多点泪,重庆,离开的时候是去年七月 现在八月了 我朝思暮想的那张脸 已经开始模糊了
小胡同,郑润泽- 小胡同,new,o愿与愁o,江西,你现在不是一个人了[多多大哭]
小胡同,郑润泽- 小胡同,new,我只剩绝情,广西,8月份听这首歌的人都会幸福的
小胡同,郑润泽- 小胡同,new,o愿与愁o,江西,现在呢
小胡同,郑润泽- 小胡同,new,我的婧祎很可爱,江西,"我假装过去不重要 却发现自己办不到

我不懂相遇的意义 我想应该不是放弃

如果你对我的好 别人也有的话 那我不要了

我不敢把我最脆弱的一面展示给你 因为我怕你讨厌我

那天你说你再也不会让我哭了 可后来我掉眼泪的每个瞬间都是因为你

我是一个心软的人 还好你比我决绝 我们都自由

睡个好觉
"
小胡同,郑润泽- 小胡同,new,椰椰07-,江西,愿我们都能如愿以偿
小胡同,郑润泽- 小胡同,new,泪封忆-,广东,8月听《小胡同》的人 要永远幸福下去
小胡同,郑润泽- 小胡同,new,椰椰07-,江西,都要幸福
小胡同,郑润泽- 小胡同,new,泪如思念雨绵绵,湖南,没事呀 小宝宝 你关注一下
小胡同,郑润泽- 小胡同,new,椰椰07-,江西,必须有呀
小胡同,郑润泽- 小胡同,new,椰椰07-,江西,要开心呀
小胡同,郑润泽- 小胡同,new,椰椰07-,江西,会幸福哒
小胡同,郑润泽- 小胡同,new,椰椰07-,江西,又来啦  希望明年可以成功上岸！
小胡同,郑润泽- 小胡同,new,我的婧祎很可爱,江西,"你当然不会知道我不开心 因为我总是嬉皮笑脸的

我反复窥探你的生活 只因你也曾经真心待我

我们没话题的时候 我常常盯着我们的屏幕发呆

本来我是想一个人的  可是有了婷婷 我就不想一个人了

突然不想争个所以然了 包括你的离开

你真的很好

如果再遇到爱的人 记得去拉着他的手

"
小胡同,郑润泽- 小胡同,new,细软塌的痛ovo,广东,哇塞那谢谢咯
小胡同,郑润泽- 小胡同,new,記憶_0816,福建,八月听的宝宝们一定会幸福的
小胡同,郑润泽- 小胡同,hot,郑润泽,,我来啦
小胡同,郑润泽- 小胡同,hot,9iik,江西,收藏你语音的时候 我就知道你也会走
小胡同,郑润泽- 小胡同,hot,笨和弦,,放心吧 谁都逃不过三个月定律
小胡同,郑润泽- 小胡同,hot,_你也爱喝青梅绿茶么-,山西,听一千遍小胡同走出困住自己的小胡同.
小胡同,郑润泽- 小胡同,hot,拾光_----,河南,讨厌父母的封建，又心疼他们的辛苦
小胡同,郑润泽- 小胡同,hot,米妮,,最好的爱意 是永远不会让对方闷在心里猜
小胡同,郑润泽- 小胡同,hot,调小狗高手,浙江,我不是恋爱脑 我只是比较认真 我会幸福的
小胡同,郑润泽- 小胡同,hot,郑润泽,,但我们回不去了
小胡同,郑润泽- 小胡同,hot,白山茶sky,云南,画个圈圈 诅咒你们和最爱的人和好
小胡同,郑润泽- 小胡同,hot,9iik,江西,假装不理你的时候 其实我打开了好多次键盘
小胡同,郑润泽- 小胡同,hot,梦里还相见吗,湖北,每次听小胡同都感觉自己要碎掉了
小胡同,郑润泽- 小胡同,hot,壹个锅锅,,hi郑润泽 现在越来越多人喜欢你啦 不知道你还能不能看到 两年啦 我一直有在看你哦 真的很奇怪 只要是你唱的我都会喜欢诶 我今年十八岁啦 有机会一定要去你的现场 你真的很棒 希望你越来越好 平安顺利 你要一直唱歌 做喜欢的事 我会一直支持你
小胡同,郑润泽- 小胡同,hot,萌角色,新疆,"“其实是你的情绪进入了死胡同，而不是人生进入了死胡同。”
——余华"
小胡同,郑润泽- 小胡同,hot,-你总害羞,河南,"""你女朋友缺点多不多？""

""像星星一样多""

""那优点呢？""

""像太阳一样少""

""那你为什么会选择她？""

""因为太阳一出来星星就消失了啊""

""可是星星出来的时候太阳也不在啊""

""可那时我正在睡觉"""
小胡同,郑润泽- 小胡同,hot,无感厌旧,重庆,再无相见的日子里请你保重。
舍得,王唯旖- 哈NI，非WO陌属,new,LINJIAXIN11,内蒙古,缘分到了罢了 会好起来的
舍得,王唯旖- 哈NI，非WO陌属,new,宅耳猫,江苏,幸福来之不易更不应该如履薄冰
舍得,王唯旖- 哈NI，非WO陌属,new,MyanChan,浙江,"我想你了
"
舍得,王唯旖- 哈NI，非WO陌属,new,skycilia,福建,不舍得，很后悔，我的忏悔希望神能带给你。
舍得,王唯旖- 哈NI，非WO陌属,new,呆郁本是天赋唉,安徽,我们之间好像又错过了一个夏天
舍得,王唯旖- 哈NI，非WO陌属,new,GMPY_,河北,主页会员自取
舍得,王唯旖- 哈NI，非WO陌属,new,妳的阴雨天,浙江,换名字了 把妤xy改成了妳的阴雨天（因为这周的改名上限了 到时间就会改回来 头像也换了）
舍得,王唯旖- 哈NI，非WO陌属,new,小鱼绵绵_PF,重庆,因为无缘无故被开了，工资也没有发，今天我生日，但是连一碗饭都没有，晚上睡哪儿也不知道，一个人在外面走着，好无力又好饿，好想吃东西，感觉自己快撑不下去了，我能讨碗饭吃吗
舍得,王唯旖- 哈NI，非WO陌属,new,妳的阴雨天,浙江,换名字了 把妤xy改成了妳的下雨天（因为这周的改名上限了 到时间就会改回来 头像也换了）
舍得,王唯旖- 哈NI，非WO陌属,new,ZZffKK-,湖北,我想我会一直孤单
舍得,王唯旖- 哈NI，非WO陌属,new,小析翊,江西,从头条上看到句话:“你过得再快乐，你突然想到那些瞬间的时候，你都会以最快的速度黯淡下来，多少束光都照不亮”
舍得,王唯旖- 哈NI，非WO陌属,new,-别哭别哭-,浙江,加油加油，要对自己有信心（ovo）
舍得,王唯旖- 哈NI，非WO陌属,new,我不够浪漫吗,浙江,见一面很难的人居然还想有以后。
舍得,王唯旖- 哈NI，非WO陌属,new,你是二次猿吗,吉林,是啊是啊(◦˙▽˙◦)
舍得,王唯旖- 哈NI，非WO陌属,new,她是遗憾是梦也是痛,四川,"罗苏文 我真的好爱好爱你  我不该说那句话 对不起!!!
"
舍得,王唯旖- 哈NI，非WO陌属,new,韩霖_hFmi,新疆," 还要多久才能和你接近《水星记》
已模糊的镜头拉不回那从前《有些》
望眼欲穿等不到你的晚安《与我无关》
最初的一心一意深信不疑《命运》
我还要想要爱你的冲动《我怀念的》
将困住我的全都是你的画面《再等冬天》
如果可以我想和你回到那天相遇《如果可以》
既然可以拥抱就不要轻易放掉《背对背拥抱"
舍得,王唯旖- 哈NI，非WO陌属,new,韩霖_hFmi,新疆," 讨厌你不是一时的决定.
我只知道在那之前我很爱你.
给你发消息赌的是我一天的心情.
直到我成为你才解开那些迷.
你的承诺就像蒲公英一样一吹就散.
回头看才发现自己走错很多路.
我控制不了我的情绪也看不了你跟别人好
"
舍得,王唯旖- 哈NI，非WO陌属,new,韩霖_hFmi,新疆,"真的很忙吗真的一条消息都看不到吗
记忆中的你太好了舍不得忘记也不敢提
我这双眼睛看清万物唯独看不清你
自我感动的剧情我一个人演了又演
我用睡觉来逃避现实没想到梦里也有你"
舍得,王唯旖- 哈NI，非WO陌属,new,为她折花,安徽,爱👄
舍得,王唯旖- 哈NI，非WO陌属,new,恋恋小鹏,北京,你的爱太卑微
舍得,王唯旖- 哈NI，非WO陌属,hot,-我不明白-y,浙江,拧巴的人永远在期待别人能读懂她的隐喻
舍得,王唯旖- 哈NI，非WO陌属,hot,Sorrow-娜,江西,这个歌词真的太写实了 吵架的时候气上来了脑子里只想用最毒的话骂对方 明明知道有些事有些话是对方的软肋 感觉伤到他自己就赢了 但其实你说出来的那瞬间 气氛停止就后悔了
舍得,王唯旖- 哈NI，非WO陌属,hot,睡不着的咩啊,广东,歌名叫舍得 为什么句句都是舍不得
舍得,王唯旖- 哈NI，非WO陌属,hot,Svunset,浙江,幸福的时候不听歌
舍得,王唯旖- 哈NI，非WO陌属,hot,荷兰豆_Dozo,河南,他舍得的话 你也要舍得
舍得,王唯旖- 哈NI，非WO陌属,hot,NiHao-C,河南,如果你对一个人太过上头，其实是你自身出现了问题，是你太需要一段感情了，而他刚好出现，他所有的好，不过都是你给他的光环和滤镜，而不是他本身有多好，他到底哪里好，你喜欢他身上的那些特质，其实你自己也说不上来，你爱的不过是一种幻想，你不是多喜欢这个人，而是因为你太孤独了. 
舍得,王唯旖- 哈NI，非WO陌属,hot,Yinjyyyy-,甘肃,“妈妈，我不是婚姻主义，也不是不婚主义，我是幸福主义.”
舍得,王唯旖- 哈NI，非WO陌属,hot,枳犋,北京,一张合照都没有 只有一堆聊天记录
舍得,王唯旖- 哈NI，非WO陌属,hot,王唯旖Sarah,北京,期待，我们今年线下巡演的见面。
舍得,王唯旖- 哈NI，非WO陌属,hot,-睡不着的浩_,甘肃,把人捂热了又丢下的人太没意思了
舍得,王唯旖- 哈NI，非WO陌属,hot,7yyyu_,江西,其实这首歌用在友情上才是真的痛🥹
舍得,王唯旖- 哈NI，非WO陌属,hot,单人劵k,广西,你总以为我在妥协 其实我在跟你告别
舍得,王唯旖- 哈NI，非WO陌属,hot,帐号已注销,,“小檀，你我相隔，堪比蓬莱还远，如今相见，我却方寸已乱，泪湿罗衫。我心中念你千千遍，只愿你珍惜所爱，不要像我，凄然离去，孤心四散。”（泪目。）
舍得,王唯旖- 哈NI，非WO陌属,hot,加妃_,广西,三月份听舍得的人一定会幸福.
舍得,王唯旖- 哈NI，非WO陌属,hot,无氧如,吉林,“抬头才得见，天光大亮，自此暗河长明”
我想念,汪苏泷- 我想念,new,世界以痛吻我我他妈直接痛死,山西,好好吃饭宝宝
我想念,汪苏泷- 我想念,new,你我仅剩沉默_,河北,那玩你恶语相待的对我说讨厌我 我愣住了
我想念,汪苏泷- 我想念,new,永远好远呢,江西,但这些不是你自愿给他的么pvp
我想念,汪苏泷- 我想念,new,明木净,河南,晚上好
我想念,汪苏泷- 我想念,new,GMPY_,河北,主页会员自取
我想念,汪苏泷- 我想念,new,Bmyllll,辽宁,旋律耐听
我想念,汪苏泷- 我想念,new,小鱼绵绵_PF,重庆,因为无缘无故被开了，工资也没有发，今天我生日，但是连一碗饭都没有，晚上睡哪儿也不知道，一个人在外面走着，好无力又好饿，好想吃东西，感觉自己快撑不下去了，我能讨碗饭吃吗
我想念,汪苏泷- 我想念,new,丽丽好想大哭一场_,贵州,回来再听一次
我想念,汪苏泷- 我想念,new,一只耶耶崽_,云南,回来吧
我想念,汪苏泷- 我想念,new,月亮掉河里了窝,安徽,接
我想念,汪苏泷- 我想念,new,冬风寄千愁,湖南,幸福是个陷阱 你发出伤人话的手 也曾擦去我的眼泪
我想念,汪苏泷- 我想念,new,C_ove,天津,嘻嘻
我想念,汪苏泷- 我想念,new,小析翊,江西,从头条上看到句话:“你过得再快乐，你突然想到那些瞬间的时候，你都会以最快的速度黯淡下来，多少束光都照不亮”
我想念,汪苏泷- 我想念,new,小析翊,江西,从头条上看到句话:“你过得再快乐，你突然想到那些瞬间的时候，你都会以最快的速度黯淡下来，多少束光都照不亮”
我想念,汪苏泷- 我想念,new,雪碧马超,陕西,这首都还挺好听的为什么年轮唱的这么难听[笑哭][笑哭][笑哭]
我想念,汪苏泷- 我想念,new,雪碧马超,陕西,1http:/$7nqqim15e6fa82$【復淛整段文案并咑閞「网易云音乐」，领免费会员】 黑胶邀请官 纪*平 送你网易云音乐会员卡，领取享20+会员权益。http://163cn.tv/HSjjdOc
我想念,汪苏泷- 我想念,new,无可奈何卍,重庆,"这首歌居然是汪苏泷的
"
我想念,汪苏泷- 我想念,new,ID初见季,广东,我什么都不想要了 以后的路我自己走.
我想念,汪苏泷- 我想念,new,奕直期待下雪天,山东,回来
我想念,汪苏泷- 我想念,new,忧郁_smxy,新疆,现在还在的是这个[强]
我想念,汪苏泷- 我想念,hot,你也是讨厌我对么,贵州,画个圈圈 诅咒你们和最爱的人和好
我想念,汪苏泷- 我想念,hot,尧天_zYkz,安徽,汪苏泷别唱了，没你我早走出来了
我想念,汪苏泷- 我想念,hot,y生锈的雨天,福建,“不要脑子一热就去发不该发的信息”
我想念,汪苏泷- 我想念,hot,痛感结痂,安徽,以前很讨厌妈妈拿手机拍我 讨厌她拿手机对准我 每次都指责她不要拍我了 她每次都很尴尬的笑一笑 说不拍了不拍了 最后才发现 只有妈妈才会举起手机记录我
我想念,汪苏泷- 我想念,hot,桥一寻,广东,汪苏泷老师 您的be感太强了[惊恐]，第一句出来就感觉已经分手了
我想念,汪苏泷- 我想念,hot,Nov--14,甘肃,2024届高考生（包括特长生）全部上岸！
我想念,汪苏泷- 我想念,hot,痛感结痂,安徽,你不是恋爱脑 你只是比较认真 你会幸福的。
我想念,汪苏泷- 我想念,hot,刘亦菲小小小小小号,河南,“我装生病不去上学 却不知父母装健康去养家糊口  ”
我想念,汪苏泷- 我想念,hot,玊尔aha,浙江,“所以困住我的始终是那个在我记忆里拿过满分的你”
我想念,汪苏泷- 我想念,hot,预痛剂,新疆,预告:你的crush会在过年那天对你表白
我想念,汪苏泷- 我想念,hot,02与,内蒙古,我明天就要和初恋结婚了
我想念,汪苏泷- 我想念,hot,猫丞物语册-,广西,"预告片
跨年那天
你的crush给你发了两条消息
23:59：“新年快乐”
00:00：“我喜欢你”
冷知识：你不会无缘无故刷到"
我想念,汪苏泷- 我想念,hot,绪情in,福建,"英文里有个词叫crush

如果查字典 这是压碎 碾碎 压垮的意思

后来我才知道它作为名词

还有一层意思是 短暂地 热烈地 但又羞涩地爱恋

比如:l had a crush on him

意思就是

我曾经短暂地 热烈地 但又羞涩地喜欢过她"
我想念,汪苏泷- 我想念,hot,7_缘top,江西,很喜欢杨绛女士的一句话：“我从不后悔对任何人好，哪怕是看错人，哪怕是被辜负，哪怕是撞南墙，因为我对你好，不代表你有多好，只是因为我很好”
我想念,汪苏泷- 我想念,hot,揉碎星月喔,河南,哈佛大学的校训之一： 你所浪费的今天是昨天死去的人奢望的明天 你所厌恶的现在是未来的你回不到的曾经
有些,颜人中- 失眠症候群,new,ID温瑾,广东,"刚分开的时候我总幻想他能回来 可到现在我才明白终归是不可能的

如果真爱有颜色 那我的一定是褪色的爱

连你的朋友都知道我喜欢你你是真不知道还是根本不在意

我更爱你的放声大笑而不是整天在意你好不好看

我习惯了我的糟糕甚至觉得这才是我

这样互相依靠分开后堪比生死离别"
有些,颜人中- 失眠症候群,new,ID温瑾,广东,"我没办法一直有趣就像有一天你会发现我很久没有找你了

讨厌下雨天 直到你说有你给我撑伞 我开始期待乌云密布

你说你累 于是第一时间想到的就是抛弃我

眼泪真的能共鸣吗为什么你从不心疼我

如果爱情再次降临到我头上我希望最终能遇到一个害怕伤害我感情的人

就当你的离开是一场永久的冷战"
有些,颜人中- 失眠症候群,new,435千米每小时,新疆,八月听《有些》的天天开心
有些,颜人中- 失眠症候群,new,农村高保护,贵州,那我是👍🏿
有些,颜人中- 失眠症候群,new,ID温瑾,广东,我天生就是爱玩的性子 但我也可以只爱你一个人
有些,颜人中- 失眠症候群,new,漫泪季,山东,你能不能再爱我一遍像以前
有些,颜人中- 失眠症候群,new,你明白_6EBW,河南,祝你幸福
有些,颜人中- 失眠症候群,new,你明白_6EBW,河南,听歌啦
有些,颜人中- 失眠症候群,new,GMPY_,河北,主页会员自取
有些,颜人中- 失眠症候群,new,小鱼绵绵_PF,重庆,因为无缘无故被开了，工资也没有发，今天我生日，但是连一碗饭都没有，晚上睡哪儿也不知道，一个人在外面走着，好无力又好饿，好想吃东西，感觉自己快撑不下去了，我能讨碗饭吃吗
有些,颜人中- 失眠症候群,new,我知你的明媚,安徽,当然会呀。时间问题而已。
有些,颜人中- 失眠症候群,new,我知你的明媚,安徽,彳亍。我也爱你。
有些,颜人中- 失眠症候群,new,我知你的明媚,安徽,彳亍。我也爱你。
有些,颜人中- 失眠症候群,new,我知你的明媚,安徽,博博天天开心。
有些,颜人中- 失眠症候群,new,我知你的明媚,安徽,我爱你。
有些,颜人中- 失眠症候群,new,我知你的明媚,安徽,听歌。
有些,颜人中- 失眠症候群,new,怜惜回忆闪帧,湖南,喝水啦乖乖
有些,颜人中- 失眠症候群,new,我知你的明媚,安徽,抱抱。
有些,颜人中- 失眠症候群,new,愿我得胃癌晚期,山西,好听
有些,颜人中- 失眠症候群,new,v失局,湖南,“时钟停在午夜，回忆在空房间里反复盘旋”
有些,颜人中- 失眠症候群,hot,Yonatan778,,他更新一条动态 你就好像在做阅读理解
有些,颜人中- 失眠症候群,hot,支入,,后来才知道 喜欢上一个人从期望到失望再到绝望就是你重新爱自己的过程
有些,颜人中- 失眠症候群,hot,雨af,,后来发现 搞暧昧比谈恋爱好太多.
有些,颜人中- 失眠症候群,hot,孟祥茹0524,,他要星星就给他星星，他要月亮就给他月亮，他要自由要安逸就让他走
有些,颜人中- 失眠症候群,hot,心想柿子陈,,颜人中和沈以诚真的绝了啊[流泪]
有些,颜人中- 失眠症候群,hot,苑北North,,“明明不是下雨天 却淋湿双眼” 好喜欢这一句的旋律
有些,颜人中- 失眠症候群,hot,垂直01,,你以为他真的十几个小时不看手机吗。
有些,颜人中- 失眠症候群,hot,借一川清風30,广东,我叫许景翔，今年14岁，9年以后我会通过自己的努力进入国家青年篮球队为国家争光 让所有人记住我！保证！
有些,颜人中- 失眠症候群,hot,野火一原,,每个不谈恋爱的人都在等一个人
有些,颜人中- 失眠症候群,hot,07011Y,,晚安是礼貌  安安是特殊  晚安安是双倍喜欢
有些,颜人中- 失眠症候群,hot,miraitowa一阳菜,湖南,2025年听《有些》的人全家幸福！
有些,颜人中- 失眠症候群,hot,Ruiagony,广东,你不是恋爱脑 你只是比较认真 你会幸福的
有些,颜人中- 失眠症候群,hot,魚自然到脸红o,湖北,“我是一个高中生，我的目标是考上自己心仪的大学，而不是纠结一个和我未来没有关系的人喜不喜欢我。”
有些,颜人中- 失眠症候群,hot,aaa函数,,我恨死长篇大论后的简短回复了
有些,颜人中- 失眠症候群,hot,贝利亚大王78564,江西, 自从换上贝利亚头像后，我的生活也多了些色彩，每天打开抖音，我都会看见有人回复我肺雾贝利亚，我也很开心，这总比以前空荡荡的时候好
Deadman,蔡徐坤- Deadman,new,香香巷巷巷,广东,啊 这首是他的歌….
Deadman,蔡徐坤- Deadman,new,阅言少爷,湖北,"打卡
"
Deadman,蔡徐坤- Deadman,new,我不想有名字怎么办,广东,真nb，这rnb做的太到位了，第一次听没想到是cxk唱的，改观了
Deadman,蔡徐坤- Deadman,new,大碗Kris,湖北,😂😂
Deadman,蔡徐坤- Deadman,new,06_凌晨说晚安,河南,看到这首歌是蔡徐坤唱出来的时候 就好像你爸生孩子了 然后医生问你保医院还是保手术室然后你选择保尔柯察金
Deadman,蔡徐坤- Deadman,new,INTERrLau10,上海,没问
Deadman,蔡徐坤- Deadman,new,shootoutt,河南,太平洋沙漠
Deadman,蔡徐坤- Deadman,new,柑橘w-26,甘肃,好好听
Deadman,蔡徐坤- Deadman,new,窄的门门,山东,我也觉得 好熟悉啊
Deadman,蔡徐坤- Deadman,new,参腥,河南,慢慢来
Deadman,蔡徐坤- Deadman,new,1m0Yang,湖南,总觉得这个前奏在哪里听过 但是坤哥这首确实让我路转粉了 牛逼[多多可怜]
Deadman,蔡徐坤- Deadman,new,熟悉妳的声音,四川,今天表白成功啦铁铁！！[多多大笑][多多大笑][多多大笑]
Deadman,蔡徐坤- Deadman,new,小鱼绵绵_PF,重庆,因为无缘无故被开了，工资也没有发，今天我生日，但是连一碗饭都没有，晚上睡哪儿也不知道，一个人在外面走着，好无力又好饿，好想吃东西，感觉自己快撑不下去了，我能讨碗饭吃吗
Deadman,蔡徐坤- Deadman,new,堂哥家喝茶,陕西,可以可以
Deadman,蔡徐坤- Deadman,new,熟悉妳的声音,四川,今天表白成功啦宝宝！！[多多大笑][多多大笑][多多大笑]
Deadman,蔡徐坤- Deadman,new,熟悉妳的声音,四川,今天表白成功啦宝宝！！[多多大笑][多多大笑][多多大笑]
Deadman,蔡徐坤- Deadman,new,熟悉妳的声音,四川,今天表白成功啦宝宝！！[多多大笑][多多大笑][多多大笑]
Deadman,蔡徐坤- Deadman,new,熟悉妳的声音,四川,今天表白成功啦宝宝！！[多多大笑][多多大笑][多多大笑]
Deadman,蔡徐坤- Deadman,new,熟悉妳的声音,四川,今天表白成功啦宝宝！！[多多大笑][多多大笑][多多大笑]
Deadman,蔡徐坤- Deadman,new,lovejuicess,浙江,最近糊坛的瓜有感，坤的歌版权在他自己手上吗？
Deadman,蔡徐坤- Deadman,hot,Breezy22,广东,被内娱排挤到格莱美去了属于是
Deadman,蔡徐坤- Deadman,hot,湮丶吀,四川,被黑久了自然就成黑人了
Deadman,蔡徐坤- Deadman,hot,HY-360,上海,soul正统在中国了属于是[大哭]很经典复古的黑人蓝调唱腔，编曲和唱功这块都无可挑剔。国内少有的能把握soul的节奏律动和微妙情绪的歌手，第一次听没想到会是我们坤哥
Deadman,蔡徐坤- Deadman,hot,Sherryyy_-,陕西,他去替王源读伯克利了吗
Deadman,蔡徐坤- Deadman,hot,CT_seven,广东,"牛逼 朋友圈的男生全对他改观了
"
Deadman,蔡徐坤- Deadman,hot,Rachel-T-,中国香港,骚歌 看我不狠狠听你 
Deadman,蔡徐坤- Deadman,hot,神说要有零二,河北,"《发现国内跳楼机霸榜，这一次我决定不再隐忍》
"
Deadman,蔡徐坤- Deadman,hot,NachtttFalter,北京,被震撼了。这么地道的Soul居然是蔡徐坤写出来唱出来的，国内我想不起有谁这么做的，完全是欧美金曲的程度，深夜静卧着听，竟然让我有种被触到灵魂的感动。
Deadman,蔡徐坤- Deadman,hot,968948,河北,别沉淀了哥们 再沉淀真成国际巨星了
Deadman,蔡徐坤- Deadman,hot,LLLazier_,浙江,我承认我会因为好的作品而放下偏见。
Deadman,蔡徐坤- Deadman,hot,942647426248,辽宁,很难想象这和时代少年团版lemon是同一时期的
Deadman,蔡徐坤- Deadman,hot,RaYoJo,内蒙古,真的，做梦都没想到一个原本不屑去看的小鲜肉艺人，能够这样好好的做音乐，他大可以挣着一些小孩子的钱，卖弄人设也好怎么样也罢，没想到他能用音乐证明自己，路转粉了真的，这才是一个流量明星该有的样子，从此以后，一大帮喜欢玩梗没有音乐素养的小孩，有了一个很棒的音乐启蒙，爱坤坤（真心）
Deadman,蔡徐坤- Deadman,hot,是hahahaha,湖北,突然想到 写这歌的时候他在铺天盖地的造谣里，换别人哭天喊地卖惨，他却埋头精进拍出这么好的作品，他真的是希望，是就是巨星
Deadman,蔡徐坤- Deadman,hot,HeyJadeJade,广东,看到演唱者我震惊了，虽然有那么一刹那犹豫，还是点了收藏
Deadman,蔡徐坤- Deadman,hot,Lydia_offical,美国,当舆论场在撕他的梗时，耳机里的Deadman正在完成最完美的复仇🎤
阳光下的星星,金海心- 独立日,new,挪威的猫彡,云南,老婆，我爱你。
阳光下的星星,金海心- 独立日,new,7like00,四川,why
阳光下的星星,金海心- 独立日,new,知桁枱,河北,我是双性恋 我被一个直女欺骗了感情 那时我傻傻的以为我会和她在一起很久 直到那天她公开了她的男友 我问她为什么 她说我这种性取向不正常的人活该被她耍 那时候她最喜欢听我唱阳光下的星星 我真的累了 性取向不同就要被耍吗 我委屈的慌啊 337天就这样没了 说到了一周年就来找我我都想好蛋糕样子了
阳光下的星星,金海心- 独立日,new,稚诚气,河南,八月听这个歌的人幸福一辈子
阳光下的星星,金海心- 独立日,new,ktssly-__,贵州,1
阳光下的星星,金海心- 独立日,new,LoisVivian,福建,属于你的好运马上要来了宝宝
阳光下的星星,金海心- 独立日,new,时间逝后,广东,我爱你妙妙
阳光下的星星,金海心- 独立日,new,天才萌宝佳佳,云南,接
阳光下的星星,金海心- 独立日,new,Ttaw-Sparkling,天津,为什么
阳光下的星星,金海心- 独立日,new,小小玉_m,甘肃,宝宝
阳光下的星星,金海心- 独立日,new,奕周拐瑶_,山东,喜欢你才会和你说好多好多话啊
阳光下的星星,金海心- 独立日,new,我的眼泪成为把柄,甘肃,why
阳光下的星星,金海心- 独立日,new,33摸鱼,江苏,✧ ◔.̮◔嗨
阳光下的星星,金海心- 独立日,new,妳的阴雨天,浙江,一个人的夜 我的心 应该放在哪里.
阳光下的星星,金海心- 独立日,new,陈松寒,贵州,如果有机会，我还想听你唱一遍阳光下的星星。
阳光下的星星,金海心- 独立日,new,GMPY_,河北,主页会员自取
阳光下的星星,金海心- 独立日,new,南知-_annT,河北,接
阳光下的星星,金海心- 独立日,new,ID碎慢淮,湖北,唉
阳光下的星星,金海心- 独立日,new,小鱼绵绵_PF,重庆,因为无缘无故被开了，工资也没有发，今天我生日，但是连一碗饭都没有，晚上睡哪儿也不知道，一个人在外面走着，好无力又好饿，好想吃东西，感觉自己快撑不下去了，我能讨碗饭吃吗
阳光下的星星,金海心- 独立日,new,泪雨小宇,江苏,好累 好困 好麻烦 幸福没有降临手心 我想睡个好觉
阳光下的星星,金海心- 独立日,hot,Jay_Wong_,,一直不太明白阳光下的星星是什么？那天看到她哭，才明白，阳光下的星星就是眼泪
阳光下的星星,金海心- 独立日,hot,潜龙勿用0306,广东,06年能写出这种曲子！唱法也是有点偏向r&b，用了很多气声和转音修饰，真的不敢想象这是快20年前的作品。太强了
阳光下的星星,金海心- 独立日,hot,Arthurw0ng,,说实话很不理解作为流行歌手金海心怎么火不起来的，声音和唱功都挺棒的呀
阳光下的星星,金海心- 独立日,hot,lyyyyy_OUYS,甘肃,"这句谁懂
只想抱着你的背脊不想放。哭晕👋🏻"
阳光下的星星,金海心- 独立日,hot,LLSy_3fja,河南,“在读这句话的女孩子永远都被爱”
阳光下的星星,金海心- 独立日,hot,两个蕉,,嗯 金海心一直没有大红大紫 但知道这首歌的人并不少
阳光下的星星,金海心- 独立日,hot,牵一下下,安徽,以前很讨厌妈妈拿手机拍我 讨厌她拿手机对准我 每次都指责她不要拍我了 她每次都很尴尬的笑一笑 说不拍了不拍了 最后才发现 只有妈妈才会举起手机记录我
阳光下的星星,金海心- 独立日,hot,用户191311,浙江,人只有感受不到幸福的时候 才会疯狂怀念以前
阳光下的星星,金海心- 独立日,hot,清纯的小野狗,广西,你也改不掉一难过就听歌的习惯吗
阳光下的星星,金海心- 独立日,hot,病愿,,一房二人三餐四季五味六欲七情八字九死还有一生
阳光下的星星,金海心- 独立日,hot,不是梅潮风,,金海心为什么不上我是歌手呢？真是好声音
阳光下的星星,金海心- 独立日,hot,我是信博的小狗,辽宁," 九月三号我就要嫁给我的一见钟情了
"
阳光下的星星,金海心- 独立日,hot,冰薄薄,河南,"没有小众的音乐
只有晚来的听众"
阳光下的星星,金海心- 独立日,hot,清纯的小野狗,广西,我在等24年8月的那一批人
阳光下的星星,金海心- 独立日,hot,小兔子耶,,"“9月29日大概是很特别的一天，这一天里，我把金海心的《阳光下的星星》，反复听了87次。9月29号，是她的婚礼。那天，我把这首歌的一万多条评论都翻完了。”
"
莫愁乡(我被困在了这片混沌),亞細亞曠世奇才- 莫愁乡,new,丹尼尔狗狗好可爱,浙江,不是哥们。
莫愁乡(我被困在了这片混沌),亞細亞曠世奇才- 莫愁乡,new,愛我吧你们,辽宁,该听了
莫愁乡(我被困在了这片混沌),亞細亞曠世奇才- 莫愁乡,new,selfc0ntrol,河南,"好听好听
"
莫愁乡(我被困在了这片混沌),亞細亞曠世奇才- 莫愁乡,new,马里亚纳金盏菊,山西,豆芽的说唱没毛病 豆芽这个人还是算了[生病]
莫愁乡(我被困在了这片混沌),亞細亞曠世奇才- 莫愁乡,new,浩想睡觉cjy,云南,很好听[哈哈]
莫愁乡(我被困在了这片混沌),亞細亞曠世奇才- 莫愁乡,new,浩想睡觉cjy,云南,我去，这个歌真的好听，看推荐歌单的时候听到的，无法自拔的爱上了[喜欢]
莫愁乡(我被困在了这片混沌),亞細亞曠世奇才- 莫愁乡,new,苏瑾年f,湖北,听歌
莫愁乡(我被困在了这片混沌),亞細亞曠世奇才- 莫愁乡,new,GMPY_,河北,主页会员自取
莫愁乡(我被困在了这片混沌),亞細亞曠世奇才- 莫愁乡,new,云村村民168284408400798,上海,这歌词太好了旋律上头
莫愁乡(我被困在了这片混沌),亞細亞曠世奇才- 莫愁乡,new,熟悉妳的声音,四川,今天表白成功啦宝宝！！[多多大笑][多多大笑][多多大笑]
莫愁乡(我被困在了这片混沌),亞細亞曠世奇才- 莫愁乡,new,小鱼绵绵_PF,重庆,因为无缘无故被开了，工资也没有发，今天我生日，但是连一碗饭都没有，晚上睡哪儿也不知道，一个人在外面走着，好无力又好饿，好想吃东西，感觉自己快撑不下去了，我能讨碗饭吃吗
莫愁乡(我被困在了这片混沌),亞細亞曠世奇才- 莫愁乡,new,川岛纱雾,黑龙江,该听歌了
莫愁乡(我被困在了这片混沌),亞細亞曠世奇才- 莫愁乡,new,搁那闹-,河南,哇呜，真是有一种一听就感觉一股电流穿过身体的快感
莫愁乡(我被困在了这片混沌),亞細亞曠世奇才- 莫愁乡,new,少在意人类的看法O7,福建,嘘 都别吵 我在等2025年8月的人
莫愁乡(我被困在了这片混沌),亞細亞曠世奇才- 莫愁乡,new,包饺子0216,湖北,快点
莫愁乡(我被困在了这片混沌),亞細亞曠世奇才- 莫愁乡,new,叁幺肆派,湖北,生日快乐
莫愁乡(我被困在了这片混沌),亞細亞曠世奇才- 莫愁乡,new,小析翊,江西,从头条上看到句话:“你过得再快乐，你突然想到那些瞬间的时候，你都会以最快的速度黯淡下来，多少束光都照不亮”
莫愁乡(我被困在了这片混沌),亞細亞曠世奇才- 莫愁乡,new,小析翊,江西,从头条上看到句话:“你过得再快乐，你突然想到那些瞬间的时候，你都会以最快的速度黯淡下来，多少束光都照不亮”
莫愁乡(我被困在了这片混沌),亞細亞曠世奇才- 莫愁乡,new,唐尼玛是也,广东,很好听的鼓点[爱心]
莫愁乡(我被困在了这片混沌),亞細亞曠世奇才- 莫愁乡,new,Mrs_彼得兔,江西,上个月200 w赞，上周250 W赞，今天300 W赞了，兄弟，给你挺起来了
莫愁乡(我被困在了这片混沌),亞細亞曠世奇才- 莫愁乡,hot,ChinaNeedsMyVoice,四川,这个全网第一是兄弟你们给我捧起来的 由衷的感谢大家 看到榜单的那一刻我在客厅里大喊大叫 激动的说不出来话 原来像我这样的小人物也有机会摸到天空 你们也会的 我要把我的幸运散给大家 亚细亚！
莫愁乡(我被困在了这片混沌),亞細亞曠世奇才- 莫愁乡,hot,送她一束岁月不败的春天,广东,中国不需要那么多西海岸，需要的是更多从乡土里走出来的孩子
莫愁乡(我被困在了这片混沌),亞細亞曠世奇才- 莫愁乡,hot,毛豆肉丝炒饭,福建,是通过视频知道这首歌的举手
莫愁乡(我被困在了这片混沌),亞細亞曠世奇才- 莫愁乡,hot,otofoters,上海,他们说 唱的太着急，词铺的太满。但你想想你回去看姥姥的时候，姥姥是不是也这样唠叨你的，恨不得把所有要叮嘱的都说好几遍。
莫愁乡(我被困在了这片混沌),亞細亞曠世奇才- 莫愁乡,hot,finn在阳台很fine,广东,我在公司放这首歌，我同事都说不好听，我直接离职了
莫愁乡(我被困在了这片混沌),亞細亞曠世奇才- 莫愁乡,hot,GoBLin_g,广东,这个词对从小是姥姥带大的杀伤力太大了
莫愁乡(我被困在了这片混沌),亞細亞曠世奇才- 莫愁乡,hot,信不信我发疯,山西,为什么歌词突然草草结束？因为人走的时候也很突然
莫愁乡(我被困在了这片混沌),亞細亞曠世奇才- 莫愁乡,hot,小李的世外桃源,浙江,没别的说，人不可貌相，你知道的凌晨还能让我从抖音切到网易云，你很成功！
莫愁乡(我被困在了这片混沌),亞細亞曠世奇才- 莫愁乡,hot,凌空_飘落,黑龙江,原来说唱可以没有脏话[多多大笑]
莫愁乡(我被困在了这片混沌),亞細亞曠世奇才- 莫愁乡,hot,万切豹马,上海,粉色小软件结束了它的使命，接下来是红色播放器时间，点击神秘小按钮召唤我重新回来听一遍🤓👆
莫愁乡(我被困在了这片混沌),亞細亞曠世奇才- 莫愁乡,hot,蓝耐特,四川,如此轻快的节奏听完竟让我泪流满面[流泪]
莫愁乡(我被困在了这片混沌),亞細亞曠世奇才- 莫愁乡,hot,琴鼓出迪斯科,安徽,没有小破站来的[可爱]
莫愁乡(我被困在了这片混沌),亞細亞曠世奇才- 莫愁乡,hot,呛呛嗟呛呛嗟,山东,“骗她是国企”原来是对姥姥说的[流泪]
莫愁乡(我被困在了这片混沌),亞細亞曠世奇才- 莫愁乡,hot,ChinaNeedsMyVoice,四川,陶渊明如果有桃花源，那我也有莫愁乡。
莫愁乡(我被困在了这片混沌),亞細亞曠世奇才- 莫愁乡,hot,山垠之铝,海南,新说唱成刷怪笼，刷怪笼成新说唱了
红,罗言- When the world is came，take it！,new,壞簕,云南,我比任何人都希望你好
红,罗言- When the world is came，take it！,new,什么办法能治疗肠炎,陕西,有没有吉他谱呀？我想学会弹，也想学会谈
红,罗言- When the world is came，take it！,new,_4MNE,云南,八月听红的一定被爱
红,罗言- When the world is came，take it！,new,爱本谎言编织,广西,爱人的眼睛是第八大洋
红,罗言- When the world is came，take it！,new,难诉qin,江西,爱情不分性别 如果真心相爱 会长久的
红,罗言- When the world is came，take it！,new,过于呆傻,广东,过去了 八月了
红,罗言- When the world is came，take it！,new,寒冬姜至,浙江,躺在出租屋的一晚，旁边是厚重的升本资料，听着手机随机放的音乐红，心中的孤独感油然而生，看不见尽头，不管是备考的内容还是生活的
红,罗言- When the world is came，take it！,new,迷离_eZIs,北京,嘘 听歌
红,罗言- When the world is came，take it！,new,yforever1,湖南,到底还要听几遍红才会幸福
红,罗言- When the world is came，take it！,new,时亦iu,江苏,八月听红的一定好运
红,罗言- When the world is came，take it！,new,GMPY_,河北,主页会员自取
红,罗言- When the world is came，take it！,new,有个方向___,黑龙江,8.1
红,罗言- When the world is came，take it！,new,小鱼绵绵_PF,重庆,因为无缘无故被开了，工资也没有发，今天我生日，但是连一碗饭都没有，晚上睡哪儿也不知道，一个人在外面走着，好无力又好饿，好想吃东西，感觉自己快撑不下去了，我能讨碗饭吃吗
红,罗言- When the world is came，take it！,new,恋屿境,山西,八月听红的一定幸福
红,罗言- When the world is came，take it！,new,id小印章,福建,为什么我遇到的每个人都是没多久就离开我[委屈]
红,罗言- When the world is came，take it！,new,我是oiii,黑龙江,比眼泪先流出来的是勇敢
红,罗言- When the world is came，take it！,new,你不哄我我生气了,安徽,接
红,罗言- When the world is came，take it！,new,听雨i-v,河南,那个男的主页我看了 他可以接受你所有的小脾气.
红,罗言- When the world is came，take it！,new,听雨i-v,河南,那个男的主页我看了 他可以接受你所有的小脾气.
红,罗言- When the world is came，take it！,new,听雨i-v,河南,那个男的主页我看了 他可以接受你所有的小脾气.
红,罗言- When the world is came，take it！,hot,擅长阴阳怪气,新疆,奇数就继续爱，偶数就放弃
红,罗言- When the world is came，take it！,hot,i软-,,其实那天我根本舍不得 但我知道再这样下去没结果
红,罗言- When the world is came，take it！,hot,-Wa雨H,,眼泪 是世界上最小的海
红,罗言- When the world is came，take it！,hot,泪点低丸子,云南,什么基数偶数 你们俩什么状态你自己心里清楚
红,罗言- When the world is came，take it！,hot,Yelulllisk,浙江,奇数就继续爱，偶数就及时止损
红,罗言- When the world is came，take it！,hot,回到星期六,湖北,奇数就继续  偶数就释怀
红,罗言- When the world is came，take it！,hot,不会打分卫SG,北京,一定要微信出个已读功能你才死心吗
红,罗言- When the world is came，take it！,hot,islcyyy,陕西,关闭分享欲吧 能让你轻松很多
红,罗言- When the world is came，take it！,hot,三只烤红薯,青海,等一个八月听红的人
红,罗言- When the world is came，take it！,hot,别管zz,中国,爱来爱去的上两天班就老实了
红,罗言- When the world is came，take it！,hot,隐喻的痛,广东,等你读懂我的隐喻老子早就死了
红,罗言- When the world is came，take it！,hot,感觉总在变,广东,“亲自删过自己喜欢的人 都站出来”
红,罗言- When the world is came，take it！,hot,心冷冰-_,河南,如果你丢了一部iPhone8但是妈妈又给你买了一部iPhone13你还是会高兴 如果你的对象跟你分手 但是爱慕已久的男神却主动跟你表白 你还是会高兴 如果你考试没拿到高分 但是去国外的机会刚刚到手 你还是会很高兴 所以你看 我们并不是真的害怕失去 而是怕没有更好的代替
红,罗言- When the world is came，take it！,hot,6D不会说唱,黑龙江,我好像做到了我想要的样子🥀
红,罗言- When the world is came，take it！,hot,川78,湖北,等七月听红的人
